server_window,client_window,server_fps,server_encode_ms,server_payload_mbps,render_fps,fresh_source_fps,own_gpu_ms
1,1,90.5,4.1,81.20746,89.6,86.0,3.9
2,2,90.5,4.0,73.390432,89.2,87.5,3.1
3,3,90.0,3.8,66.0276,89.4,82.5,3.8
4,4,90.0,4.8,103.45248,89.7,83.0,4.2
5,5,90.5,4.8,104.032284,89.3,85.5,4.2
6,6,90.0,4.5,94.53168,89.2,81.5,3.6
7,7,90.0,4.1,75.73608,89.8,87.5,3.5
8,8,90.0,4.6,93.79512,89.3,79.5,4.0
9,9,90.0,4.1,82.79856,89.3,84.5,3.7
10,10,89.5,3.9,75.111264,89.7,89.5,3.3
11,11,90.0,3.6,64.98288,89.3,83.5,3.8
12,12,90.0,4.7,103.44888,89.3,77.5,4.2
13,13,89.5,5.0,95.164276,88.9,84.5,3.5
14,14,90.0,4.1,78.9156,90.2,85.0,3.7
15,15,90.0,4.1,81.21312,89.2,88.0,3.7
16,16,90.0,3.6,63.1656,89.3,87.0,3.4
17,17,90.0,4.6,79.50528,89.6,84.5,3.1
18,18,90.0,5.0,76.36824,89.4,83.0,3.4
19,19,90.0,4.3,84.12192,89.2,88.5,3.7
20,20,90.0,3.1,45.61056,89.7,89.5,2.0
21,21,89.5,4.0,68.87204,89.4,85.5,3.8
22,22,90.0,4.4,81.37872,89.2,86.0,2.9
23,23,90.0,3.5,53.47728,89.8,83.5,3.3
24,24,90.0,4.0,65.71008,89.2,89.0,2.2
25,25,90.0,3.1,44.92944,89.4,79.5,3.0
26,26,89.5,3.9,68.601392,89.7,89.5,3.1
27,27,90.0,3.1,42.45408,89.3,87.5,3.3
28,28,90.0,4.0,66.9384,89.2,88.0,2.4
29,29,90.0,3.0,42.19992,89.5,84.5,2.3
30,30,90.0,3.6,57.24576,89.6,88.5,2.4
31,31,90.0,4.1,76.284,89.4,88.5,3.2
32,32,89.5,4.4,80.86146,89.3,88.5,3.7
33,33,90.0,4.6,83.8656,89.7,88.0,4.2
34,34,90.0,5.1,99.17784,89.2,80.0,2.9
35,35,90.0,4.5,79.55352,89.3,85.5,3.6
36,36,90.0,3.8,63.04896,89.8,77.5,3.4
37,37,90.0,4.7,87.79392,89.2,83.0,3.8
38,38,90.0,4.3,73.92816,89.3,78.5,3.3
39,39,90.0,5.4,75.0456,89.8,56.5,3.5
40,40,88.5,5.3,84.412716,89.3,82.5,3.9
41,41,90.5,4.6,87.914596,89.3,87.0,3.6
42,42,90.0,4.5,82.27872,88.8,83.5,2.2
43,43,90.5,3.9,60.936908,90.3,87.0,3.5
44,44,90.0,4.9,96.13656,89.3,89.0,4.2
45,45,90.5,5.0,104.028664,89.3,84.5,4.2
46,46,90.5,4.8,100.35726,89.6,87.0,3.0
47,47,90.0,3.7,57.1356,89.4,87.5,2.9
48,48,90.5,4.5,89.414724,89.3,85.5,3.6
49,49,90.0,4.5,84.24288,89.8,88.0,3.8
50,50,90.5,4.6,88.648732,89.3,85.0,4.2
51,51,90.0,5.1,103.45536,89.3,88.5,4.2
52,52,90.0,5.1,103.45248,89.7,84.0,3.8
53,53,90.5,4.8,87.892152,89.3,84.0,3.7
54,54,90.5,3.9,62.486268,89.3,86.5,2.9
55,55,90.0,4.5,80.16048,89.7,87.0,3.3
56,56,90.5,4.2,65.390232,89.3,87.0,2.1
57,57,90.0,4.1,73.24992,89.4,85.5,3.5
58,58,90.0,5.0,103.46256,89.4,85.0,4.2
59,59,90.5,4.9,102.054316,89.6,86.0,3.9
60,60,89.5,5.2,93.401484,89.3,86.5,4.2
61,61,90.0,6.8,94.64976,89.3,79.0,3.9
62,62,90.5,5.4,101.619192,89.7,82.0,4.2
63,63,89.0,6.4,95.467096,89.3,85.5,3.7
64,64,90.0,4.5,90.36288,89.3,86.0,3.9
65,65,90.0,4.7,96.14016,89.6,83.5,3.6
66,66,90.5,4.2,74.55028,89.4,87.0,3.4
67,67,90.0,4.8,96.63912,89.3,80.5,3.9
68,68,90.0,4.7,94.4496,89.7,85.5,3.9
69,69,90.5,4.4,79.456828,89.2,86.5,3.0
70,70,90.5,4.4,78.302048,89.4,87.0,3.3
71,71,90.5,4.6,91.952344,88.9,85.5,3.7
72,72,90.0,4.6,83.03832,90.1,83.5,3.6
73,73,90.5,4.0,70.304744,89.2,84.5,2.5
74,74,90.0,4.0,68.79528,89.5,80.5,3.4
75,75,90.5,4.5,88.805116,89.7,89.0,3.7
76,76,90.0,4.4,83.79072,89.3,76.5,3.6
77,77,90.0,4.5,89.04744,89.3,86.5,3.9
78,78,90.5,4.6,90.974944,89.7,85.0,3.5
79,79,90.5,4.0,71.256804,89.3,87.0,3.6
80,80,90.0,4.4,83.80944,89.3,85.0,3.2
81,81,90.0,4.4,83.64672,89.7,85.0,3.4
82,82,90.0,4.3,75.98088,89.3,84.5,3.9
83,83,90.0,4.8,91.06344,89.3,81.0,4.0
84,84,90.5,4.7,90.509412,89.7,88.0,3.4
85,85,90.0,4.2,71.46792,89.4,81.0,3.2
86,86,90.5,5.0,101.038544,89.3,84.5,4.2
87,87,90.0,5.0,103.46256,89.3,85.5,4.1
88,88,90.5,4.5,86.006856,89.7,90.0,3.7
89,89,90.0,5.0,101.9916,89.3,86.5,4.2
90,90,90.5,4.7,87.952244,89.2,89.0,3.1
91,91,90.5,4.1,72.11402,89.8,84.0,3.8
92,92,90.0,4.8,100.87704,89.3,85.0,4.1
93,93,90.5,4.4,86.925612,89.2,85.0,3.4
94,94,90.0,4.2,77.25456,89.9,85.5,3.4
95,95,90.5,4.9,97.943444,89.3,86.0,3.6
96,96,90.0,4.5,84.7332,89.2,87.0,3.3
97,97,90.0,3.9,61.76952,89.8,89.0,3.5
98,98,90.5,4.6,91.851708,89.2,89.0,3.6
99,99,90.0,3.9,65.27088,89.3,88.5,3.3
100,100,90.0,4.5,83.8548,89.0,89.0,4.2
101,101,90.0,4.9,103.45536,90.1,87.0,3.8
102,102,90.5,4.3,83.714672,89.3,84.0,4.0
103,103,90.0,4.7,96.49152,89.3,84.0,3.7
104,104,90.0,4.2,60.822,89.7,89.0,2.7
105,105,90.5,4.4,70.776068,89.4,88.5,3.2
106,106,90.5,3.1,47.002804,89.3,86.5,2.6
107,107,90.0,3.4,60.426,89.8,85.5,3.4
108,108,90.5,3.9,68.353564,89.2,85.0,2.5
109,109,90.5,3.0,41.266552,89.4,85.0,2.3
110,110,90.0,3.7,66.11688,89.7,83.5,3.3
111,111,90.5,3.0,44.24002,89.3,80.5,2.8
112,112,90.0,3.7,64.13544,89.3,84.5,4.0
113,113,90.5,4.9,103.909928,89.8,89.5,4.2
114,114,90.5,4.4,85.928664,89.2,88.0,3.2
115,115,90.0,3.7,59.84136,89.3,89.0,3.5
116,116,90.5,4.7,92.314344,89.3,88.0,3.5
117,117,90.0,3.5,57.5136,89.6,85.0,2.5
118,118,90.0,4.4,84.47616,89.4,88.5,3.8
119,119,90.5,4.6,93.228032,89.2,85.0,3.3
120,120,90.5,3.5,57.428404,89.8,87.0,3.4
121,121,90.0,4.3,81.47448,89.3,86.5,3.6
122,122,90.0,4.6,90.42264,89.3,88.5,4.0
123,123,90.5,4.5,89.688396,89.8,84.5,3.7
124,124,90.0,4.6,91.19952,89.3,87.0,3.9
125,125,90.5,4.2,78.00738,89.2,84.0,2.9
126,126,90.5,3.7,59.716244,89.8,87.0,2.2
127,127,90.5,3.9,69.152136,89.3,88.5,2.9
128,128,90.0,3.8,62.90064,89.4,84.5,3.2
129,129,90.0,5.0,103.44888,88.9,86.0,4.2
130,130,90.5,4.7,93.977372,90.1,89.5,3.7
131,131,90.5,4.4,85.151088,89.2,87.0,3.5
132,132,90.0,3.6,63.22464,89.4,85.5,3.6
133,133,90.5,4.4,82.540344,89.6,87.0,2.6
134,134,90.5,3.9,66.2641,89.4,87.5,3.0
135,135,90.0,3.1,41.976,89.3,88.0,3.0
136,136,90.5,3.6,42.540792,89.8,88.5,3.0
137,137,90.5,2.7,39.35664,89.2,84.5,2.9
138,138,90.5,2.3,28.128124,89.4,88.0,2.3
139,139,90.0,2.5,32.78376,89.7,87.5,2.8
140,140,90.0,2.5,33.74136,89.3,77.0,3.3
141,141,90.0,4.3,84.82968,89.3,85.5,3.6
142,142,90.0,4.6,86.62248,89.8,90.0,4.2
143,143,90.5,4.9,100.760528,89.3,83.5,3.9
144,144,90.0,4.7,94.914,89.3,86.5,4.2
145,145,90.5,5.0,95.898868,89.3,80.5,3.7
146,146,90.5,4.3,76.227064,89.7,84.5,3.6
147,147,90.0,4.8,90.7416,89.3,82.5,3.6
148,148,90.5,4.7,84.905652,89.2,85.5,3.3
149,149,90.5,3.9,61.264156,89.8,84.5,3.1
150,150,90.0,4.4,82.5372,89.3,86.0,3.6
151,151,90.0,4.5,83.29752,89.2,86.5,3.9
152,152,90.5,4.3,74.729108,89.7,88.5,2.8
153,153,90.0,4.4,82.04472,89.3,85.5,3.6
154,154,90.5,4.3,77.96756,89.3,83.0,2.6
155,155,90.0,4.2,75.56544,89.8,89.0,4.1
156,156,90.5,4.9,99.447192,89.3,77.5,4.0
157,157,90.5,4.8,95.005452,89.2,86.0,3.8
158,158,90.0,4.6,87.26328,88.9,80.5,3.7
159,159,90.0,4.7,90.77328,90.1,88.0,4.0
160,160,90.5,4.5,84.41478,89.2,87.0,3.2
161,161,90.0,4.6,81.5004,89.5,85.0,3.2
162,162,90.0,5.0,92.84472,89.7,87.5,3.9
163,163,90.5,4.4,83.394664,89.1,88.0,2.1
164,164,90.0,3.7,58.2516,89.5,84.5,2.6
165,165,90.0,4.9,97.58016,89.8,85.0,4.2
166,166,90.5,5.0,104.032284,89.2,87.5,3.9
167,167,90.0,4.6,63.8568,89.3,85.0,3.4
168,168,90.5,3.3,48.620944,89.7,86.0,2.2
169,169,90.0,3.3,53.05536,89.4,84.5,3.1
170,170,90.5,3.5,59.745928,89.3,86.5,3.6
171,171,90.0,4.4,87.66864,89.7,89.0,3.9
172,172,90.5,4.1,77.668548,89.3,87.5,3.6
173,173,90.0,4.6,90.06696,89.3,86.5,4.2
174,174,90.5,4.9,95.516596,89.4,83.0,3.8
175,175,90.5,4.3,80.712968,89.7,87.5,3.5
176,176,90.0,4.7,93.50928,89.3,88.5,4.2
177,177,90.5,4.8,94.298104,89.2,86.5,3.3
178,178,90.0,4.0,68.56272,89.8,78.0,3.6
179,179,90.0,5.1,96.1488,89.2,84.0,3.7
180,180,90.5,4.2,70.508188,89.3,81.5,3.4
181,181,90.0,4.6,91.55736,89.6,87.0,3.2
182,182,90.5,3.9,60.829032,89.3,85.0,2.0
183,183,90.0,4.4,75.03408,89.4,86.0,3.4
184,184,90.5,5.0,99.283568,89.7,85.0,4.0
185,185,90.0,4.6,90.56664,89.3,81.5,4.0
186,186,90.0,4.9,98.76384,89.3,86.0,4.1
187,187,90.5,4.8,91.99506,88.9,85.5,3.3
188,188,90.0,4.1,70.6788,90.2,89.0,3.7
189,189,90.0,4.8,98.58024,89.3,82.0,4.0
190,190,90.0,4.7,95.80968,89.4,86.0,4.2
191,191,90.5,5.1,104.035904,89.7,86.5,4.2
192,192,90.5,5.1,104.028664,89.2,82.0,4.2
193,193,90.0,5.0,103.45536,89.3,84.5,4.2
194,194,90.5,4.9,96.959528,89.7,86.0,3.8
195,195,90.0,4.8,93.13848,89.3,86.5,3.9
196,196,90.0,4.6,92.85336,89.3,84.5,3.9
197,197,90.5,4.4,84.479216,89.8,89.5,3.6
198,198,90.0,4.5,88.85232,89.3,79.5,4.2
199,199,90.0,4.9,103.44888,89.3,84.5,4.2
200,200,90.0,5.0,103.46256,89.7,85.0,3.7
201,201,90.0,4.6,74.14848,89.3,87.5,2.5
202,202,90.0,4.5,83.05992,89.4,84.5,3.4
203,203,90.5,4.5,88.146276,89.4,88.0,3.5
204,204,90.0,4.3,81.22608,89.7,87.5,4.0
205,205,90.5,5.0,104.028664,89.3,81.0,4.2
206,206,90.5,4.9,100.061144,89.3,87.0,3.9
207,207,90.5,4.4,84.955608,89.8,84.5,3.7
208,208,90.5,4.5,84.770988,89.1,86.5,2.8
209,209,90.5,3.3,52.250356,89.4,88.0,2.6
210,210,90.0,4.6,86.63328,89.8,84.0,4.2
211,211,90.5,5.0,104.028664,89.3,87.0,4.2
212,212,90.0,5.1,96.1416,89.3,84.5,3.5
213,213,90.5,4.9,87.966,89.8,88.0,4.2
214,214,90.5,4.8,97.789956,89.2,84.0,3.7
215,215,90.0,4.3,81.53496,89.3,87.0,3.8
216,216,90.5,5.0,98.21784,88.9,78.0,4.0
217,217,90.5,4.6,87.760384,90.1,84.5,3.4
218,218,90.0,4.7,76.91688,89.4,83.0,3.4
219,219,89.5,6.7,102.879176,89.3,85.5,3.9
220,220,90.0,5.6,80.0892,89.7,82.5,3.4
221,221,90.5,5.1,84.663836,89.3,83.0,4.1
222,222,90.5,5.1,104.025044,89.2,86.0,3.9
223,223,90.0,4.6,91.16856,89.8,87.5,3.8
224,224,90.0,4.6,87.85296,89.3,85.0,4.1
225,225,90.5,5.0,104.032284,89.3,82.5,4.1
226,226,90.5,4.7,96.224668,89.7,88.0,4.0
227,227,90.0,4.5,83.71152,89.3,82.0,3.7
228,228,90.0,5.0,103.45896,89.3,85.0,4.2
229,229,90.5,5.0,91.136396,89.8,80.5,3.6
230,230,90.0,4.9,90.29952,89.3,85.0,4.2
231,231,90.5,4.9,96.989936,89.3,85.0,4.0
232,232,90.5,5.0,103.472632,89.3,84.5,3.8
233,233,90.0,4.4,87.89832,89.7,82.0,4.0
234,234,90.5,4.5,90.523168,89.2,83.5,3.6
235,235,90.0,4.5,86.27832,89.3,86.0,3.9
236,236,90.0,4.6,92.3832,89.8,81.0,4.1
237,237,90.0,5.0,103.45896,89.3,84.5,4.2
238,238,90.5,4.5,88.22664,89.3,80.5,3.8
239,239,90.5,4.9,99.117772,89.7,88.5,3.9
240,240,90.5,4.4,87.380284,89.3,82.5,3.8
241,241,90.0,4.8,99.43992,89.3,85.5,4.2
242,242,90.0,4.8,100.25568,89.8,87.5,4.2
243,243,90.0,4.9,103.45536,89.2,85.0,3.9
244,244,90.5,4.2,80.605092,89.3,85.0,3.4
245,245,90.0,4.4,82.8036,89.0,78.0,4.0
246,246,90.5,4.9,101.6858,90.1,83.5,4.2
247,247,90.5,4.7,99.404476,89.3,81.0,3.9
248,248,90.0,4.4,87.09768,89.4,88.5,4.0
249,249,90.5,4.6,93.264956,89.7,83.5,3.8
250,250,90.0,4.5,89.02512,89.3,85.0,4.1
251,251,90.0,5.0,103.45536,89.3,86.0,4.2
252,252,90.5,5.5,104.028664,89.7,85.0,4.2
253,253,90.0,5.1,103.45896,89.3,86.0,4.2
254,254,90.5,5.0,102.199116,89.3,84.0,4.0
255,255,90.5,4.6,87.866088,89.8,84.5,3.6
256,256,90.5,4.5,88.676968,89.3,87.5,4.1
257,257,90.0,4.4,87.39288,89.3,87.5,4.0
258,258,90.0,5.0,95.92992,89.7,86.0,3.9
259,259,90.0,4.5,82.26144,89.3,86.5,3.5
260,260,90.5,4.5,86.833664,89.3,81.5,4.2
261,261,90.5,4.7,93.68922,89.4,87.0,3.6
262,262,90.5,4.2,80.221372,89.7,83.0,3.7
263,263,90.0,4.5,88.57296,89.3,84.0,4.0
264,264,90.0,4.7,91.90224,89.4,83.0,4.1
265,265,90.0,5.0,103.45248,89.7,82.0,3.9
266,266,90.5,4.5,91.82854,89.3,86.0,4.0
267,267,90.5,4.5,88.82032,89.3,85.0,3.6
268,268,90.0,4.5,86.22432,89.8,87.5,4.1
269,269,90.0,5.2,103.45896,89.3,84.5,4.2
270,270,90.0,5.3,103.45248,89.3,87.5,4.0
271,271,90.5,4.6,91.913972,89.8,81.0,4.1
272,272,90.5,5.1,104.025044,89.3,80.5,4.2
273,273,90.5,5.0,104.032284,89.2,86.5,3.9
274,274,90.5,4.5,87.504088,88.9,88.0,3.5
275,275,90.5,4.2,71.237256,90.1,87.0,2.2
276,276,90.0,4.2,79.44336,89.3,86.5,3.3
277,277,90.5,4.3,71.061324,89.4,88.5,2.3
278,278,90.0,3.7,61.03224,89.8,84.0,3.8
279,279,90.5,4.9,104.028664,89.3,84.0,4.2
280,280,90.5,4.7,94.238736,89.3,80.0,3.9
281,281,90.0,4.9,101.04408,89.8,87.5,4.2
282,282,90.5,5.0,99.117048,89.2,88.5,3.5
283,283,90.5,3.4,52.959152,89.3,88.5,2.8
284,284,90.0,3.6,64.73304,89.7,86.5,3.2
285,285,90.0,4.1,74.88216,89.3,84.5,4.1
286,286,90.5,4.7,87.606172,89.2,83.5,3.3
287,287,90.0,3.7,59.83488,89.8,85.5,3.4
288,288,90.0,4.5,85.40784,89.2,83.5,3.4
289,289,90.0,4.1,70.50816,89.3,87.0,3.7
290,290,90.0,4.8,94.43592,89.4,87.0,3.9
291,291,90.0,4.7,95.97816,89.7,85.5,4.2
292,292,90.5,5.1,98.950528,89.2,83.5,3.3
293,293,90.0,4.7,89.62992,89.3,86.0,3.5
294,294,90.5,4.0,67.56368,89.8,90.0,3.4
295,,90.5,3.9,70.349632,,,
