variant,run,case,frame_id,mode,reference_id,encode_ms,wire_bytes,detail_bytes,decoded_raw_bytes,decoded_raw_fnv1a64,wire_fnv1a64
candidate,BAAB1,scene_a_zero_ack_fallback,206,independent,0,3.4011,111044,108369,722128,a58d19033e16e539,3404aa2f489d6c78
candidate,BAAB1,scene_a_zero_ack_fallback,207,independent,0,3.4928,111044,108369,722128,a58d19033e16e539,3404aa2f489d6c78
candidate,BAAB1,scene_a_zero_ack_fallback,208,independent,0,3.5404,111044,108369,722128,a58d19033e16e539,3404aa2f489d6c78
candidate,BAAB1,scene_a_zero_ack_fallback,209,independent,0,3.5488,111044,108369,722128,a58d19033e16e539,3404aa2f489d6c78
candidate,BAAB1,scene_a_zero_ack_fallback,210,independent,0,3.8372,111044,108369,722128,a58d19033e16e539,3404aa2f489d6c78
candidate,BAAB1,scene_a_zero_ack_fallback,211,independent,0,3.5494,111044,108369,722128,a58d19033e16e539,3404aa2f489d6c78
candidate,BAAB1,scene_a_zero_ack_fallback,212,independent,0,3.4712,111044,108369,722128,a58d19033e16e539,3404aa2f489d6c78
candidate,BAAB1,scene_a_zero_ack_fallback,213,independent,0,3.4822,111044,108369,722128,a58d19033e16e539,3404aa2f489d6c78
candidate,BAAB1,scene_a_zero_ack_fallback,214,independent,0,3.5586,111044,108369,722128,a58d19033e16e539,3404aa2f489d6c78
candidate,BAAB1,scene_a_zero_ack_fallback,215,independent,0,3.5503,111044,108369,722128,a58d19033e16e539,3404aa2f489d6c78
candidate,BAAB1,scene_a_zero_ack_fallback,216,independent,0,3.9882,111044,108369,722128,a58d19033e16e539,3404aa2f489d6c78
candidate,BAAB1,scene_a_zero_ack_fallback,217,independent,0,3.7548,111044,108369,722128,a58d19033e16e539,3404aa2f489d6c78
candidate,BAAB1,scene_a_zero_ack_fallback,218,independent,0,3.9064,111044,108369,722128,a58d19033e16e539,3404aa2f489d6c78
candidate,BAAB1,scene_a_zero_ack_fallback,219,independent,0,3.5514,111044,108369,722128,a58d19033e16e539,3404aa2f489d6c78
candidate,BAAB1,scene_a_zero_ack_fallback,220,independent,0,3.5907,111044,108369,722128,a58d19033e16e539,3404aa2f489d6c78
candidate,BAAB1,scene_a_zero_ack_fallback,221,independent,0,3.4747,111044,108369,722128,a58d19033e16e539,3404aa2f489d6c78
candidate,BAAB1,scene_a_zero_ack_fallback,222,independent,0,3.4670,111044,108369,722128,a58d19033e16e539,3404aa2f489d6c78
candidate,BAAB1,scene_a_zero_ack_fallback,223,independent,0,3.5105,111044,108369,722128,a58d19033e16e539,3404aa2f489d6c78
candidate,BAAB1,scene_a_zero_ack_fallback,224,independent,0,3.4940,111044,108369,722128,a58d19033e16e539,3404aa2f489d6c78
candidate,BAAB1,scene_a_zero_ack_fallback,225,independent,0,3.5171,111044,108369,722128,a58d19033e16e539,3404aa2f489d6c78
candidate,BAAB1,scene_a_zero_ack_fallback,226,independent,0,3.5231,111044,108369,722128,a58d19033e16e539,3404aa2f489d6c78
candidate,BAAB1,scene_a_zero_ack_fallback,227,independent,0,3.6067,111044,108369,722128,a58d19033e16e539,3404aa2f489d6c78
candidate,BAAB1,scene_a_zero_ack_fallback,228,independent,0,3.6696,111044,108369,722128,a58d19033e16e539,3404aa2f489d6c78
candidate,BAAB1,scene_a_zero_ack_fallback,229,independent,0,3.5698,111044,108369,722128,a58d19033e16e539,3404aa2f489d6c78
candidate,BAAB2,scene_a_zero_ack_fallback,206,independent,0,4.3991,111044,108369,722128,a58d19033e16e539,3404aa2f489d6c78
candidate,BAAB2,scene_a_zero_ack_fallback,207,independent,0,4.0982,111044,108369,722128,a58d19033e16e539,3404aa2f489d6c78
candidate,BAAB2,scene_a_zero_ack_fallback,208,independent,0,4.0777,111044,108369,722128,a58d19033e16e539,3404aa2f489d6c78
candidate,BAAB2,scene_a_zero_ack_fallback,209,independent,0,4.2327,111044,108369,722128,a58d19033e16e539,3404aa2f489d6c78
candidate,BAAB2,scene_a_zero_ack_fallback,210,independent,0,4.0035,111044,108369,722128,a58d19033e16e539,3404aa2f489d6c78
candidate,BAAB2,scene_a_zero_ack_fallback,211,independent,0,4.2525,111044,108369,722128,a58d19033e16e539,3404aa2f489d6c78
candidate,BAAB2,scene_a_zero_ack_fallback,212,independent,0,4.5914,111044,108369,722128,a58d19033e16e539,3404aa2f489d6c78
candidate,BAAB2,scene_a_zero_ack_fallback,213,independent,0,4.0427,111044,108369,722128,a58d19033e16e539,3404aa2f489d6c78
candidate,BAAB2,scene_a_zero_ack_fallback,214,independent,0,4.0418,111044,108369,722128,a58d19033e16e539,3404aa2f489d6c78
candidate,BAAB2,scene_a_zero_ack_fallback,215,independent,0,4.1298,111044,108369,722128,a58d19033e16e539,3404aa2f489d6c78
candidate,BAAB2,scene_a_zero_ack_fallback,216,independent,0,4.1854,111044,108369,722128,a58d19033e16e539,3404aa2f489d6c78
candidate,BAAB2,scene_a_zero_ack_fallback,217,independent,0,4.3358,111044,108369,722128,a58d19033e16e539,3404aa2f489d6c78
candidate,BAAB2,scene_a_zero_ack_fallback,218,independent,0,4.3451,111044,108369,722128,a58d19033e16e539,3404aa2f489d6c78
candidate,BAAB2,scene_a_zero_ack_fallback,219,independent,0,4.1423,111044,108369,722128,a58d19033e16e539,3404aa2f489d6c78
candidate,BAAB2,scene_a_zero_ack_fallback,220,independent,0,4.1062,111044,108369,722128,a58d19033e16e539,3404aa2f489d6c78
candidate,BAAB2,scene_a_zero_ack_fallback,221,independent,0,4.5301,111044,108369,722128,a58d19033e16e539,3404aa2f489d6c78
candidate,BAAB2,scene_a_zero_ack_fallback,222,independent,0,4.0772,111044,108369,722128,a58d19033e16e539,3404aa2f489d6c78
candidate,BAAB2,scene_a_zero_ack_fallback,223,independent,0,3.9366,111044,108369,722128,a58d19033e16e539,3404aa2f489d6c78
candidate,BAAB2,scene_a_zero_ack_fallback,224,independent,0,4.6359,111044,108369,722128,a58d19033e16e539,3404aa2f489d6c78
candidate,BAAB2,scene_a_zero_ack_fallback,225,independent,0,3.9257,111044,108369,722128,a58d19033e16e539,3404aa2f489d6c78
candidate,BAAB2,scene_a_zero_ack_fallback,226,independent,0,4.2655,111044,108369,722128,a58d19033e16e539,3404aa2f489d6c78
candidate,BAAB2,scene_a_zero_ack_fallback,227,independent,0,4.5862,111044,108369,722128,a58d19033e16e539,3404aa2f489d6c78
candidate,BAAB2,scene_a_zero_ack_fallback,228,independent,0,4.0012,111044,108369,722128,a58d19033e16e539,3404aa2f489d6c78
candidate,BAAB2,scene_a_zero_ack_fallback,229,independent,0,4.3008,111044,108369,722128,a58d19033e16e539,3404aa2f489d6c78
baseline,BAAB1,scene_a_zero_ack_fallback,206,independent,0,3.7540,111044,108369,722128,a58d19033e16e539,3404aa2f489d6c78
baseline,BAAB1,scene_a_zero_ack_fallback,207,independent,0,3.5180,111044,108369,722128,a58d19033e16e539,3404aa2f489d6c78
baseline,BAAB1,scene_a_zero_ack_fallback,208,independent,0,3.7860,111044,108369,722128,a58d19033e16e539,3404aa2f489d6c78
baseline,BAAB1,scene_a_zero_ack_fallback,209,independent,0,3.4700,111044,108369,722128,a58d19033e16e539,3404aa2f489d6c78
baseline,BAAB1,scene_a_zero_ack_fallback,210,independent,0,3.6634,111044,108369,722128,a58d19033e16e539,3404aa2f489d6c78
baseline,BAAB1,scene_a_zero_ack_fallback,211,independent,0,3.4401,111044,108369,722128,a58d19033e16e539,3404aa2f489d6c78
baseline,BAAB1,scene_a_zero_ack_fallback,212,independent,0,3.6270,111044,108369,722128,a58d19033e16e539,3404aa2f489d6c78
baseline,BAAB1,scene_a_zero_ack_fallback,213,independent,0,3.5699,111044,108369,722128,a58d19033e16e539,3404aa2f489d6c78
baseline,BAAB1,scene_a_zero_ack_fallback,214,independent,0,3.4419,111044,108369,722128,a58d19033e16e539,3404aa2f489d6c78
baseline,BAAB1,scene_a_zero_ack_fallback,215,independent,0,3.4687,111044,108369,722128,a58d19033e16e539,3404aa2f489d6c78
baseline,BAAB1,scene_a_zero_ack_fallback,216,independent,0,3.6916,111044,108369,722128,a58d19033e16e539,3404aa2f489d6c78
baseline,BAAB1,scene_a_zero_ack_fallback,217,independent,0,3.8087,111044,108369,722128,a58d19033e16e539,3404aa2f489d6c78
baseline,BAAB1,scene_a_zero_ack_fallback,218,independent,0,3.6191,111044,108369,722128,a58d19033e16e539,3404aa2f489d6c78
baseline,BAAB1,scene_a_zero_ack_fallback,219,independent,0,3.4648,111044,108369,722128,a58d19033e16e539,3404aa2f489d6c78
baseline,BAAB1,scene_a_zero_ack_fallback,220,independent,0,3.6226,111044,108369,722128,a58d19033e16e539,3404aa2f489d6c78
baseline,BAAB1,scene_a_zero_ack_fallback,221,independent,0,3.7168,111044,108369,722128,a58d19033e16e539,3404aa2f489d6c78
baseline,BAAB1,scene_a_zero_ack_fallback,222,independent,0,3.9806,111044,108369,722128,a58d19033e16e539,3404aa2f489d6c78
baseline,BAAB1,scene_a_zero_ack_fallback,223,independent,0,3.5597,111044,108369,722128,a58d19033e16e539,3404aa2f489d6c78
baseline,BAAB1,scene_a_zero_ack_fallback,224,independent,0,3.6008,111044,108369,722128,a58d19033e16e539,3404aa2f489d6c78
baseline,BAAB1,scene_a_zero_ack_fallback,225,independent,0,3.5931,111044,108369,722128,a58d19033e16e539,3404aa2f489d6c78
baseline,BAAB1,scene_a_zero_ack_fallback,226,independent,0,3.6284,111044,108369,722128,a58d19033e16e539,3404aa2f489d6c78
baseline,BAAB1,scene_a_zero_ack_fallback,227,independent,0,3.6085,111044,108369,722128,a58d19033e16e539,3404aa2f489d6c78
baseline,BAAB1,scene_a_zero_ack_fallback,228,independent,0,3.4371,111044,108369,722128,a58d19033e16e539,3404aa2f489d6c78
baseline,BAAB1,scene_a_zero_ack_fallback,229,independent,0,3.4412,111044,108369,722128,a58d19033e16e539,3404aa2f489d6c78
baseline,BAAB2,scene_a_zero_ack_fallback,206,independent,0,4.2831,111044,108369,722128,a58d19033e16e539,3404aa2f489d6c78
baseline,BAAB2,scene_a_zero_ack_fallback,207,independent,0,3.8988,111044,108369,722128,a58d19033e16e539,3404aa2f489d6c78
baseline,BAAB2,scene_a_zero_ack_fallback,208,independent,0,4.2315,111044,108369,722128,a58d19033e16e539,3404aa2f489d6c78
baseline,BAAB2,scene_a_zero_ack_fallback,209,independent,0,3.9625,111044,108369,722128,a58d19033e16e539,3404aa2f489d6c78
baseline,BAAB2,scene_a_zero_ack_fallback,210,independent,0,4.0129,111044,108369,722128,a58d19033e16e539,3404aa2f489d6c78
baseline,BAAB2,scene_a_zero_ack_fallback,211,independent,0,3.9312,111044,108369,722128,a58d19033e16e539,3404aa2f489d6c78
baseline,BAAB2,scene_a_zero_ack_fallback,212,independent,0,4.1575,111044,108369,722128,a58d19033e16e539,3404aa2f489d6c78
baseline,BAAB2,scene_a_zero_ack_fallback,213,independent,0,4.0360,111044,108369,722128,a58d19033e16e539,3404aa2f489d6c78
baseline,BAAB2,scene_a_zero_ack_fallback,214,independent,0,3.9865,111044,108369,722128,a58d19033e16e539,3404aa2f489d6c78
baseline,BAAB2,scene_a_zero_ack_fallback,215,independent,0,4.2647,111044,108369,722128,a58d19033e16e539,3404aa2f489d6c78
baseline,BAAB2,scene_a_zero_ack_fallback,216,independent,0,4.0679,111044,108369,722128,a58d19033e16e539,3404aa2f489d6c78
baseline,BAAB2,scene_a_zero_ack_fallback,217,independent,0,4.5001,111044,108369,722128,a58d19033e16e539,3404aa2f489d6c78
baseline,BAAB2,scene_a_zero_ack_fallback,218,independent,0,3.9679,111044,108369,722128,a58d19033e16e539,3404aa2f489d6c78
baseline,BAAB2,scene_a_zero_ack_fallback,219,independent,0,3.9885,111044,108369,722128,a58d19033e16e539,3404aa2f489d6c78
baseline,BAAB2,scene_a_zero_ack_fallback,220,independent,0,3.8974,111044,108369,722128,a58d19033e16e539,3404aa2f489d6c78
baseline,BAAB2,scene_a_zero_ack_fallback,221,independent,0,3.9646,111044,108369,722128,a58d19033e16e539,3404aa2f489d6c78
baseline,BAAB2,scene_a_zero_ack_fallback,222,independent,0,4.0954,111044,108369,722128,a58d19033e16e539,3404aa2f489d6c78
baseline,BAAB2,scene_a_zero_ack_fallback,223,independent,0,3.9151,111044,108369,722128,a58d19033e16e539,3404aa2f489d6c78
baseline,BAAB2,scene_a_zero_ack_fallback,224,independent,0,3.9827,111044,108369,722128,a58d19033e16e539,3404aa2f489d6c78
baseline,BAAB2,scene_a_zero_ack_fallback,225,independent,0,4.2353,111044,108369,722128,a58d19033e16e539,3404aa2f489d6c78
baseline,BAAB2,scene_a_zero_ack_fallback,226,independent,0,4.1840,111044,108369,722128,a58d19033e16e539,3404aa2f489d6c78
baseline,BAAB2,scene_a_zero_ack_fallback,227,independent,0,4.3982,111044,108369,722128,a58d19033e16e539,3404aa2f489d6c78
baseline,BAAB2,scene_a_zero_ack_fallback,228,independent,0,4.0025,111044,108369,722128,a58d19033e16e539,3404aa2f489d6c78
baseline,BAAB2,scene_a_zero_ack_fallback,229,independent,0,4.0343,111044,108369,722128,a58d19033e16e539,3404aa2f489d6c78
