run,case,window,budget_mbps,payload_mbps,encode_ms
1,A,0,10.055,8.12592,1.5
1,A,1,10.055,8.077328,1.4
1,A,2,10.055,8.027424,1.4
1,A,3,10.055,8.077328,1.4
1,A,4,10.055,8.12658,1.4
1,A,5,10.055,8.076672,1.4
1,A,6,10.055,8.077328,1.4
1,A,7,10.055,8.076672,1.4
1,A,8,10.055,8.12592,1.4
1,A,9,10.055,8.027424,1.4
1,A,10,10.055,8.076672,1.4
1,A,11,10.055,8.077328,1.4
1,A,12,10.055,8.076672,1.4
1,A,13,10.055,8.028076,1.4
1,A,14,10.055,8.076672,1.4
1,A,15,10.055,8.12592,1.4
1,A,16,10.055,8.027424,1.4
1,A,17,10.055,8.027424,1.4
1,A,18,10.055,8.12658,1.4
1,A,19,10.055,8.12592,1.4
1,A,20,10.055,8.028076,1.4
1,A,21,10.055,8.076672,1.4
1,A,22,10.055,8.076672,1.4
1,A,23,10.055,8.028076,1.4
1,A,24,10.055,8.077328,1.4
1,A,25,10.055,8.077328,1.4
1,A,26,10.055,8.076672,1.4
1,A,27,10.055,8.077328,1.4
1,A,28,10.055,8.076672,1.4
1,A,29,10.055,8.077328,1.4
1,A,30,10.055,8.077328,1.4
1,A,31,10.055,8.027424,1.4
1,A,32,10.055,8.077328,1.4
1,A,33,10.055,8.076672,1.4
1,A,34,10.055,8.076672,1.4
1,A,35,10.055,8.027424,1.4
1,A,36,10.055,8.077328,1.4
1,A,37,10.055,8.076672,1.4
1,A,38,10.055,8.076672,1.4
1,A,39,10.055,8.028076,1.4
1,A,40,10.055,8.12592,1.4
1,A,41,10.055,8.077328,1.4
1,A,42,10.055,8.076672,1.4
1,A,43,10.055,8.076672,1.4
1,A,44,10.055,8.076672,1.4
1,A,45,10.055,8.076672,1.4
1,A,46,10.055,8.077328,1.4
1,A,47,10.055,8.076672,1.4
1,A,48,10.055,8.028076,1.4
1,A,49,10.055,8.077328,1.4
1,A,50,10.055,8.076672,1.4
1,A,51,10.055,8.12658,1.4
1,A,52,10.055,8.027424,1.4
1,A,53,10.055,8.028076,1.4
1,A,54,10.055,8.12658,1.4
1,A,55,10.055,8.12592,1.4
1,A,56,10.055,8.077328,1.4
1,A,57,10.055,8.076672,1.4
1,A,58,10.055,8.077328,1.4
1,A,59,10.055,8.12658,1.4
1,A,60,10.055,8.076672,1.4
1,A,61,10.055,8.028076,1.4
1,A,62,10.055,8.076672,1.4
1,A,63,10.055,8.077328,1.4
1,A,64,10.055,8.076672,1.4
1,A,65,10.055,8.028076,1.4
1,A,66,10.055,8.12658,1.4
1,A,67,10.055,8.076672,1.4
1,A,68,10.055,8.028076,1.4
1,A,69,10.055,8.076672,1.4
1,A,70,10.055,8.076672,1.4
1,A,71,10.055,8.076672,1.4
1,A,72,10.055,8.027424,1.4
1,A,73,10.055,8.12658,1.4
1,A,74,10.055,8.076672,1.4
1,A,75,10.055,8.077328,1.4
1,A,76,10.055,8.076672,1.4
1,A,77,10.055,8.076672,1.4
1,A,78,10.055,8.027424,1.4
1,A,79,10.055,8.028076,1.4
1,A,80,10.055,8.12658,1.4
1,A,81,10.055,8.027424,1.4
1,A,82,10.055,8.028076,1.4
1,A,83,10.055,8.12592,1.4
1,A,84,10.055,8.12592,1.4
1,A,85,10.055,8.077328,1.4
2,B,0,28.304,11.392428,1.6
2,B,1,220.378,12.578052,1.6
2,B,2,277.062,57.46392,2.8
2,B,3,153.907,46.21392,2.6
2,B,4,82.208,26.37144,2.1
2,B,5,39.104,21.231548,1.7
2,B,6,35.932,11.948664,1.5
2,B,7,50.496,11.9592,1.5
2,B,8,80.759,16.448556,1.7
2,B,9,205.002,23.99256,1.8
2,B,10,205.002,39.962628,2.4
2,B,11,111.119,25.8588,1.9
2,B,12,54.925,16.02072,1.7
2,B,13,68.762,19.14264,1.7
2,B,14,90.404,25.955716,1.8
2,B,15,45.111,15.60744,1.6
2,B,16,29.741,11.02176,1.5
2,B,17,21.715,10.16568,1.5
2,B,18,21.26,10.29312,1.5
2,B,19,46.285,11.26368,1.6
2,B,20,46.285,12.939552,1.7
2,B,21,23.857,11.81664,1.5
2,B,22,39.138,11.66544,1.5
2,B,23,41.322,11.10312,1.5
2,B,24,22.931,10.70208,1.5
2,B,25,21.711,10.01952,1.5
2,B,26,20.274,9.90648,1.5
2,B,27,21.437,9.90648,1.5
2,B,28,21.437,9.851444,1.5
2,B,29,21.437,9.90648,1.5
2,B,30,20.242,9.796408,1.5
2,B,31,20.242,9.851444,1.6
2,B,32,20.242,9.90648,1.5
2,B,33,20.242,9.90648,1.5
2,B,34,20.242,9.851444,1.5
2,B,35,20.242,9.961516,1.5
2,B,36,57.502,12.25008,1.6
2,B,37,49.852,15.17504,1.7
2,B,38,47.235,13.628344,1.8
2,B,39,40.179,13.0896,1.7
2,B,40,44.539,12.161028,1.6
2,B,41,25.504,12.18168,1.5
2,B,42,36.914,17.08776,1.7
2,B,43,44.056,11.99736,1.6
2,B,44,25.59,12.693168,1.6
2,B,45,151.82,17.206912,1.8
2,B,46,281.911,52.460316,2.7
2,B,47,155.671,28.60816,2.2
2,B,48,85.085,27.49032,1.9
2,B,49,46.392,14.9148,1.8
2,B,50,24.611,10.78704,1.6
2,B,51,21.25,9.9864,1.6
2,B,52,21.25,9.90648,1.5
2,B,53,22.334,9.851444,1.5
2,B,54,22.334,9.90648,1.6
2,B,55,20.551,9.90648,1.6
2,B,56,20.551,9.90648,1.5
2,B,57,20.551,9.90648,1.6
2,B,58,21.921,9.90648,1.5
2,B,59,57.962,13.50432,1.6
2,B,60,45.724,13.99176,1.6
2,B,61,24.157,11.38896,1.6
2,B,62,24.157,10.37016,1.6
2,B,63,22.333,10.080564,1.5
2,B,64,47.779,11.65104,1.6
2,B,65,24.681,12.12408,1.7
2,B,66,21.755,10.4508,1.6
2,B,67,21.755,9.90648,1.6
2,B,68,25.935,10.28808,1.6
2,B,69,21.939,10.00152,1.5
2,B,70,21.939,10.319896,1.5
2,B,71,27.782,10.65408,1.6
2,B,72,22.948,10.57608,1.5
2,B,73,33.916,10.921864,1.6
2,B,74,43.542,12.07224,1.6
2,B,75,25.622,11.648436,1.5
2,B,76,21.255,10.109204,1.5
2,B,77,21.255,9.90648,1.5
2,B,78,21.255,9.90648,1.5
2,B,79,21.255,9.851444,1.5
2,B,80,21.255,9.90648,1.6
2,B,81,21.255,9.90648,1.6
2,B,82,21.255,9.90648,1.5
2,B,83,21.255,9.90648,1.5
2,B,84,21.255,9.961516,1.5
2,B,85,21.255,9.90648,1.5
3,B,0,29.266,12.83976,1.6
3,B,1,22.726,10.654384,1.5
3,B,2,22.726,10.057652,1.5
3,B,3,20.542,9.90648,1.5
3,B,4,20.542,9.90648,1.5
3,B,5,20.891,10.14624,1.5
3,B,6,22.061,10.49328,1.5
3,B,7,53.396,11.521012,1.5
3,B,8,80.997,17.074452,1.7
3,B,9,39.087,21.75912,1.7
3,B,10,45.193,12.071252,1.5
3,B,11,47.963,12.7224,1.5
3,B,12,25.125,13.3452,1.7
3,B,13,25.125,10.312548,1.5
3,B,14,25.125,10.312548,1.5
3,B,15,21.729,9.851444,1.5
3,B,16,20.538,9.90648,1.5
3,B,17,22.895,10.34208,1.5
3,B,18,27.041,10.33992,1.5
3,B,19,21.849,10.0224,1.5
3,B,20,21.849,9.90648,1.5
3,B,21,21.849,9.851444,1.5
3,B,22,20.723,9.90648,1.5
3,B,23,20.723,9.90648,1.5
3,B,24,20.723,9.90648,1.5
3,B,25,20.723,9.851444,1.5
3,B,26,20.723,9.90648,1.5
3,B,27,20.723,9.90648,1.5
3,B,28,20.723,9.90648,1.5
3,B,29,53.706,13.486672,1.6
3,B,30,74.82,20.08152,1.8
3,B,31,39.268,17.017888,1.7
3,B,32,22.39,11.11176,1.5
3,B,33,20.747,10.14336,1.5
3,B,34,92.633,18.25272,1.7
3,B,35,140.178,25.01424,1.7
3,B,36,76.186,22.26168,1.7
3,B,37,38.088,19.25856,1.7
3,B,38,22.46,11.277368,1.5
3,B,39,59.492,12.185644,1.6
3,B,40,85.855,20.175708,1.7
3,B,41,44.233,24.94512,1.8
3,B,42,24.364,12.249328,1.6
3,B,43,20.823,10.31328,1.6
3,B,44,20.823,9.851444,1.5
3,B,45,20.823,9.851444,1.5
3,B,46,24.033,9.9216,1.5
3,B,47,21.691,10.36728,1.5
3,B,48,21.691,9.90648,1.5
3,B,49,20.566,9.90648,1.5
3,B,50,20.566,9.851444,1.5
3,B,51,48.893,13.38696,1.7
3,B,52,82.892,26.0496,1.8
3,B,53,67.35,20.33496,1.7
3,B,54,41.316,13.25736,1.6
3,B,55,45.684,12.47976,1.6
3,B,56,25.827,10.840956,1.5
3,B,57,46.961,12.70944,1.7
3,B,58,38.724,11.60712,1.6
3,B,59,51.22,14.21136,1.6
3,B,60,27.698,12.45384,1.6
3,B,61,29.144,10.90008,1.6
3,B,62,60.974,15.3288,1.6
3,B,63,30.277,13.996368,1.6
3,B,64,34.442,11.113752,1.5
3,B,65,54.557,13.59792,1.6
3,B,66,27.133,13.3704,1.6
3,B,67,75.556,16.39296,1.7
3,B,68,38.127,18.68184,1.7
3,B,69,40.178,11.90376,1.5
3,B,70,28.425,11.58048,1.5
3,B,71,47.416,11.69784,1.6
3,B,72,25.214,12.69,1.7
3,B,73,40.363,10.74528,1.5
3,B,74,22.562,11.89512,1.5
3,B,75,22.562,10.37016,1.5
3,B,76,22.562,10.0224,1.5
3,B,77,28.749,10.54152,1.5
3,B,78,21.357,10.34784,1.5
3,B,79,38.462,10.502344,1.5
3,B,80,24.938,11.13696,1.5
3,B,81,21.333,10.15128,1.5
3,B,82,73.898,14.97672,1.6
3,B,83,41.797,18.654664,1.7
3,B,84,22.703,11.326404,1.5
3,B,85,21.066,10.17078,1.5
4,A,0,8.672,7.745752,1.5
4,A,1,8.672,6.92978,1.4
4,A,2,8.672,6.977664,1.4
4,A,3,8.672,6.97824,1.4
4,A,4,8.672,6.977664,1.4
4,A,5,8.672,6.977664,1.4
4,A,6,8.672,6.977664,1.4
4,A,7,8.672,6.977664,1.4
4,A,8,8.672,6.977664,1.4
4,A,9,8.672,6.977664,1.4
4,A,10,8.672,6.977664,1.4
4,A,11,8.672,6.92978,1.4
4,A,12,8.672,6.929208,1.4
4,A,13,8.672,6.97824,1.4
4,A,14,8.672,6.977664,1.4
4,A,15,8.672,6.977664,1.4
4,A,16,8.672,6.977664,1.4
4,A,17,8.672,6.977664,1.4
4,A,18,8.672,6.977664,1.4
4,A,19,8.672,6.929208,1.4
4,A,20,8.672,6.977664,1.4
4,A,21,8.672,6.97824,1.4
4,A,22,8.672,6.977664,1.4
4,A,23,8.672,6.977664,1.4
4,A,24,8.672,6.929208,1.4
4,A,25,8.672,6.977664,1.4
4,A,26,8.672,6.97824,1.4
4,A,27,8.672,6.977664,1.4
4,A,28,8.672,6.97824,1.4
4,A,29,8.672,6.97824,1.4
4,A,30,8.672,6.977664,1.4
4,A,31,8.672,6.97824,1.4
4,A,32,8.672,6.977664,1.4
4,A,33,8.672,6.92978,1.4
4,A,34,8.672,6.929208,1.4
4,A,35,8.672,6.977664,1.4
4,A,36,8.672,6.97824,1.4
4,A,37,8.672,6.977664,1.4
4,A,38,8.672,6.97824,1.4
4,A,39,8.672,6.977664,1.4
4,A,40,8.672,6.929208,1.4
4,A,41,8.672,6.97824,1.4
4,A,42,8.672,6.977664,1.4
4,A,43,8.672,6.97824,1.4
4,A,44,8.672,6.977664,1.4
4,A,45,8.672,6.977664,1.4
4,A,46,8.672,6.97824,1.4
4,A,47,8.672,6.929208,1.4
4,A,48,8.672,6.977664,1.4
4,A,49,8.672,6.977664,1.4
4,A,50,8.672,6.977664,1.4
4,A,51,8.672,6.97824,1.4
4,A,52,8.672,6.929208,1.4
4,A,53,8.672,6.97824,1.4
4,A,54,8.672,6.977664,1.4
4,A,55,8.672,6.977664,1.4
4,A,56,8.672,6.977664,1.4
4,A,57,8.672,6.977664,1.4
4,A,58,8.672,6.92978,1.4
4,A,59,8.672,6.977664,1.4
4,A,60,8.672,6.977664,1.4
4,A,61,8.672,6.97824,1.4
4,A,62,8.672,6.977664,1.4
4,A,63,8.672,6.977664,1.4
4,A,64,8.672,6.97824,1.4
4,A,65,8.672,6.977664,1.4
4,A,66,8.672,6.92978,1.4
4,A,67,8.672,6.977664,1.4
4,A,68,8.672,6.92978,1.4
4,A,69,8.672,6.977664,1.4
4,A,70,8.672,6.977664,1.4
4,A,71,8.672,6.97824,1.4
4,A,72,8.672,6.977664,1.4
4,A,73,8.672,6.977664,1.4
4,A,74,8.672,6.977664,1.4
4,A,75,8.672,6.929208,1.5
4,A,76,8.672,6.97824,1.5
4,A,77,8.672,6.977664,1.6
4,A,78,8.672,6.97824,1.4
4,A,79,8.672,6.97824,1.4
4,A,80,8.672,6.977664,1.5
4,A,81,8.672,6.977664,1.4
4,A,82,8.672,6.929208,1.4
4,A,83,8.672,6.977664,1.4
4,A,84,8.672,6.977664,1.4
4,A,85,8.672,6.977664,1.4
