scenario,variant,id,mode,detail_bytes,wire_bytes,encode_ms,raw_fnv64
continuous_pan_source,baseline,106,global-v1,66121,68796,7.63207,cb4936b83fc54820
continuous_pan_source,baseline,107,global-v1,66107,68782,7.70005,bbdf2f71a384be64
continuous_pan_source,baseline,108,global-v1,66344,69019,7.44565,b518c6fec7367c52
continuous_pan_source,baseline,109,global-v1,66157,68832,7.62398,ed0cedb14d52229b
continuous_pan_source,baseline,110,global-v1,66333,69008,7.62649,91631cae452a6392
continuous_pan_source,baseline,111,global-v1,66602,69277,7.76024,bd77593c5cc518e1
continuous_pan_source,baseline,112,independent,108088,110763,6.71024,83092df7ffed8818
continuous_pan_source,baseline,113,global-v1,66571,69246,7.61944,f742cf7e2e870c52
continuous_pan_source,baseline,114,global-v1,66612,69287,7.54501,3a211f651c2c6fe9
continuous_pan_source,baseline,115,global-v1,66647,69322,7.7081,c00fcdc050f3c73d
continuous_pan_source,baseline,116,global-v1,66330,69005,7.87241,b770bd20e5730045
continuous_pan_source,baseline,117,global-v1,65901,68576,7.69956,5103c37306df0ec6
continuous_pan_source,baseline,118,global-v1,66181,68856,7.53095,87abc823a6071aa3
continuous_pan_source,baseline,119,global-v1,65866,68541,7.66149,18b3c37933e0e666
continuous_pan_source,baseline,120,independent,106463,109138,6.53236,9699386f4ccbbce4
continuous_pan_source,baseline,121,global-v1,65746,68421,7.71794,0f2b2763b4a6c70c
continuous_pan_source,baseline,122,global-v1,65976,68651,7.6348,cc72a0676ed89484
continuous_pan_source,baseline,123,global-v1,65821,68496,7.86106,08b6cd853f8f0ef6
continuous_pan_source,baseline,124,global-v1,65877,68552,7.57159,1d9f2613e564bd13
continuous_pan_source,baseline,125,global-v1,65519,68194,7.50302,1945d4166d577fbd
continuous_pan_source,baseline,126,global-v1,65631,68306,7.55484,b68dab58bf1b0332
continuous_pan_source,baseline,127,global-v1,65452,68127,7.72044,fd87d0e38b28bf3c
continuous_pan_source,baseline,128,independent,105409,108084,6.62309,65aaf509e73b0723
continuous_pan_source,baseline,129,global-v1,65786,68461,7.63601,e6054ffa45837d2c
continuous_pan_source,regions,106,regional-v2,89868,92543,7.84461,cb4936b83fc54820
continuous_pan_source,regions,107,regional-v2,89579,92254,8.48847,bbdf2f71a384be64
continuous_pan_source,regions,108,regional-v2,92620,95295,9.28088,b518c6fec7367c52
continuous_pan_source,regions,109,regional-v2,89999,92674,7.59538,ed0cedb14d52229b
continuous_pan_source,regions,110,regional-v2,93132,95807,7.62113,91631cae452a6392
continuous_pan_source,regions,111,regional-v2,89702,92377,7.72389,bd77593c5cc518e1
continuous_pan_source,regions,112,independent,108088,110763,6.70333,83092df7ffed8818
continuous_pan_source,regions,113,regional-v2,91994,94669,7.87709,f742cf7e2e870c52
continuous_pan_source,regions,114,global-v1,89961,92636,7.58628,3a211f651c2c6fe9
continuous_pan_source,regions,115,regional-v2,92746,95421,7.65538,c00fcdc050f3c73d
continuous_pan_source,regions,116,regional-v2,94715,97390,7.71801,b770bd20e5730045
continuous_pan_source,regions,117,global-v1,89479,92154,7.77993,5103c37306df0ec6
continuous_pan_source,regions,118,global-v1,89399,92074,7.56258,87abc823a6071aa3
continuous_pan_source,regions,119,regional-v2,91265,93940,7.58995,18b3c37933e0e666
continuous_pan_source,regions,120,independent,106463,109138,6.29645,9699386f4ccbbce4
continuous_pan_source,regions,121,global-v1,88661,91336,7.64792,0f2b2763b4a6c70c
continuous_pan_source,regions,122,global-v1,88311,90986,7.53852,cc72a0676ed89484
continuous_pan_source,regions,123,global-v1,87562,90237,7.62266,08b6cd853f8f0ef6
continuous_pan_source,regions,124,regional-v2,90242,92917,7.53809,1d9f2613e564bd13
continuous_pan_source,regions,125,global-v1,86978,89653,7.5543,1945d4166d577fbd
continuous_pan_source,regions,126,global-v1,87127,89802,7.7366,b68dab58bf1b0332
continuous_pan_source,regions,127,global-v1,87006,89681,7.52766,fd87d0e38b28bf3c
continuous_pan_source,regions,128,independent,105409,108084,6.53911,65aaf509e73b0723
continuous_pan_source,regions,129,regional-v2,91460,94135,7.66408,e6054ffa45837d2c
opposing_no_ack,baseline,106,independent,106799,109474,6.71111,ff395193d88bc8c9
opposing_no_ack,baseline,107,independent,106779,109454,6.77643,4f52882856be3545
opposing_no_ack,baseline,108,independent,106015,108690,6.55186,8309a486743f0a90
opposing_no_ack,baseline,109,independent,106615,109290,7.02721,149c45cd25e7b10a
opposing_no_ack,baseline,110,independent,106591,109266,6.6668,16e1934bca8f3cb8
opposing_no_ack,baseline,111,independent,105973,108648,6.63526,66b84d6b8554f57e
opposing_no_ack,baseline,112,independent,105920,108595,6.70657,9a40b907fe014bf8
opposing_no_ack,baseline,113,independent,105691,108366,6.62505,5310cff95a1ba6b0
opposing_no_ack,baseline,114,independent,105299,107974,6.69412,b0f74ef7eaa496e3
opposing_no_ack,baseline,115,independent,105178,107853,6.92831,7edb23c91470d08d
opposing_no_ack,baseline,116,independent,103836,106511,6.57506,f434cf8f782297eb
opposing_no_ack,baseline,117,independent,106302,108977,6.62983,ee71fb6411e8bcba
opposing_no_ack,baseline,118,independent,106906,109581,6.5918,1b566ab8e9a740ef
opposing_no_ack,baseline,119,independent,106966,109641,6.60407,b1a6f8333481ad4a
opposing_no_ack,baseline,120,independent,107509,110184,6.65037,9e4fb7c218b22221
opposing_no_ack,baseline,121,independent,107707,110382,6.7972,e262794690d637f7
opposing_no_ack,baseline,122,independent,107785,110460,6.41735,44899969c1ba8c85
opposing_no_ack,baseline,123,independent,107929,110604,6.58631,9a63ad4415d75d91
opposing_no_ack,baseline,124,independent,107450,110125,6.87557,331e6f37fd61a64e
opposing_no_ack,baseline,125,independent,107890,110565,6.73613,0b7257ed2bf0a600
opposing_no_ack,baseline,126,independent,107981,110656,6.8379,8d3c248a31384b0b
opposing_no_ack,baseline,127,independent,108314,110989,6.70695,e1237500ecff0a97
opposing_no_ack,baseline,128,independent,108037,110712,6.69261,6f8bf78fa41def42
opposing_no_ack,baseline,129,independent,108125,110800,6.6749,4c97bb1969c64238
opposing_no_ack,regions,106,independent,106799,109474,6.45803,ff395193d88bc8c9
opposing_no_ack,regions,107,independent,106779,109454,6.41566,4f52882856be3545
opposing_no_ack,regions,108,independent,106015,108690,6.52665,8309a486743f0a90
opposing_no_ack,regions,109,independent,106615,109290,6.43,149c45cd25e7b10a
opposing_no_ack,regions,110,independent,106591,109266,6.49149,16e1934bca8f3cb8
opposing_no_ack,regions,111,independent,105973,108648,6.47347,66b84d6b8554f57e
opposing_no_ack,regions,112,independent,105920,108595,6.50576,9a40b907fe014bf8
opposing_no_ack,regions,113,independent,105691,108366,6.42509,5310cff95a1ba6b0
opposing_no_ack,regions,114,independent,105299,107974,6.52749,b0f74ef7eaa496e3
opposing_no_ack,regions,115,independent,105178,107853,6.58868,7edb23c91470d08d
opposing_no_ack,regions,116,independent,103836,106511,6.79089,f434cf8f782297eb
opposing_no_ack,regions,117,independent,106302,108977,6.61112,ee71fb6411e8bcba
opposing_no_ack,regions,118,independent,106906,109581,6.91786,1b566ab8e9a740ef
opposing_no_ack,regions,119,independent,106966,109641,6.65848,b1a6f8333481ad4a
opposing_no_ack,regions,120,independent,107509,110184,6.51978,9e4fb7c218b22221
opposing_no_ack,regions,121,independent,107707,110382,6.29967,e262794690d637f7
opposing_no_ack,regions,122,independent,107785,110460,6.55765,44899969c1ba8c85
opposing_no_ack,regions,123,independent,107929,110604,6.63384,9a63ad4415d75d91
opposing_no_ack,regions,124,independent,107450,110125,7.15304,331e6f37fd61a64e
opposing_no_ack,regions,125,independent,107890,110565,6.85843,0b7257ed2bf0a600
opposing_no_ack,regions,126,independent,107981,110656,6.50763,8d3c248a31384b0b
opposing_no_ack,regions,127,independent,108314,110989,6.35875,e1237500ecff0a97
opposing_no_ack,regions,128,independent,108037,110712,6.58662,6f8bf78fa41def42
opposing_no_ack,regions,129,independent,108125,110800,6.35845,4c97bb1969c64238
opposing_source_motion,baseline,106,independent,106799,109474,8.41399,ff395193d88bc8c9
opposing_source_motion,baseline,107,independent,106779,109454,7.93484,4f52882856be3545
opposing_source_motion,baseline,108,global-v1,88163,90838,7.77331,8309a486743f0a90
opposing_source_motion,baseline,109,independent,106615,109290,8.24047,149c45cd25e7b10a
opposing_source_motion,baseline,110,independent,106591,109266,8.56893,16e1934bca8f3cb8
opposing_source_motion,baseline,111,independent,105973,108648,7.95543,66b84d6b8554f57e
opposing_source_motion,baseline,112,independent,105920,108595,6.66395,9a40b907fe014bf8
opposing_source_motion,baseline,113,independent,105691,108366,8.2606,5310cff95a1ba6b0
opposing_source_motion,baseline,114,independent,105299,107974,8.20287,b0f74ef7eaa496e3
opposing_source_motion,baseline,115,independent,105178,107853,8.04191,7edb23c91470d08d
opposing_source_motion,baseline,116,global-v1,87688,90363,7.80775,f434cf8f782297eb
opposing_source_motion,baseline,117,independent,106302,108977,7.97139,ee71fb6411e8bcba
opposing_source_motion,baseline,118,independent,106906,109581,8.35848,1b566ab8e9a740ef
opposing_source_motion,baseline,119,independent,106966,109641,7.80752,b1a6f8333481ad4a
opposing_source_motion,baseline,120,independent,107509,110184,6.87501,9e4fb7c218b22221
opposing_source_motion,baseline,121,independent,107707,110382,7.75886,e262794690d637f7
opposing_source_motion,baseline,122,independent,107785,110460,8.00767,44899969c1ba8c85
opposing_source_motion,baseline,123,independent,107929,110604,7.61246,9a63ad4415d75d91
opposing_source_motion,baseline,124,independent,107450,110125,7.8404,331e6f37fd61a64e
opposing_source_motion,baseline,125,independent,107890,110565,7.68441,0b7257ed2bf0a600
opposing_source_motion,baseline,126,independent,107981,110656,8.21561,8d3c248a31384b0b
opposing_source_motion,baseline,127,independent,108314,110989,7.8384,e1237500ecff0a97
opposing_source_motion,baseline,128,independent,108037,110712,6.55863,6f8bf78fa41def42
opposing_source_motion,baseline,129,global-v1,97161,99836,7.76617,4c97bb1969c64238
opposing_source_motion,regions,106,regional-v2,88641,91316,8.11,ff395193d88bc8c9
opposing_source_motion,regions,107,regional-v2,88648,91323,7.71851,4f52882856be3545
opposing_source_motion,regions,108,regional-v2,91521,94196,8.92489,8309a486743f0a90
opposing_source_motion,regions,109,regional-v2,89215,91890,8.1803,149c45cd25e7b10a
opposing_source_motion,regions,110,regional-v2,95451,98126,7.98632,16e1934bca8f3cb8
opposing_source_motion,regions,111,regional-v2,91779,94454,7.90614,66b84d6b8554f57e
opposing_source_motion,regions,112,independent,105920,108595,6.43758,9a40b907fe014bf8
opposing_source_motion,regions,113,regional-v2,93742,96417,7.70646,5310cff95a1ba6b0
opposing_source_motion,regions,114,regional-v2,90955,93630,7.75988,b0f74ef7eaa496e3
opposing_source_motion,regions,115,independent,105178,107853,7.82563,7edb23c91470d08d
opposing_source_motion,regions,116,independent,103836,106511,7.81819,f434cf8f782297eb
opposing_source_motion,regions,117,regional-v2,90974,93649,8.59775,ee71fb6411e8bcba
opposing_source_motion,regions,118,regional-v2,82885,85560,8.71594,1b566ab8e9a740ef
opposing_source_motion,regions,119,regional-v2,89134,91809,8.10481,b1a6f8333481ad4a
opposing_source_motion,regions,120,independent,107509,110184,6.52015,9e4fb7c218b22221
opposing_source_motion,regions,121,regional-v2,82505,85180,7.63293,e262794690d637f7
opposing_source_motion,regions,122,regional-v2,85876,88551,7.75521,44899969c1ba8c85
opposing_source_motion,regions,123,regional-v2,85765,88440,7.61833,9a63ad4415d75d91
opposing_source_motion,regions,124,regional-v2,85181,87856,7.97906,331e6f37fd61a64e
opposing_source_motion,regions,125,regional-v2,81750,84425,7.65739,0b7257ed2bf0a600
opposing_source_motion,regions,126,regional-v2,84831,87506,7.70777,8d3c248a31384b0b
opposing_source_motion,regions,127,regional-v2,84947,87622,7.65683,e1237500ecff0a97
opposing_source_motion,regions,128,independent,108037,110712,6.65468,6f8bf78fa41def42
opposing_source_motion,regions,129,regional-v2,81074,83749,8.00384,4c97bb1969c64238
photo_scene_cut,baseline,106,independent,137549,140224,9.56655,9907604201420eb8
photo_scene_cut,baseline,107,global-v1,116704,119379,9.04309,bb2841026995dce4
photo_scene_cut,baseline,108,global-v1,116402,119077,9.13546,4b25f0c55c95baf5
photo_scene_cut,baseline,109,global-v1,115879,118554,9.00649,501e12b5db1beccb
photo_scene_cut,baseline,110,global-v1,115580,118255,8.7076,510ef6d472eb75e6
photo_scene_cut,baseline,111,global-v1,115322,117997,9.72318,3638496c1e09f35c
photo_scene_cut,baseline,112,independent,135630,138305,7.45521,998ad3ac0acfe1e3
photo_scene_cut,baseline,113,global-v1,114884,117559,8.7456,a166e15f4f15cd60
photo_scene_cut,baseline,114,global-v1,114237,116912,8.12974,76c532524c302baa
photo_scene_cut,baseline,115,global-v1,114031,116706,8.17331,cfdf2aa11e21078a
photo_scene_cut,baseline,116,global-v1,113682,116357,8.27801,6ee2fcad6eca2c8b
photo_scene_cut,baseline,117,global-v1,113646,116321,8.35841,2fea8c576d326550
photo_scene_cut,baseline,118,global-v1,113422,116097,8.26151,03c24d36355ce265
photo_scene_cut,baseline,119,global-v1,112956,115631,8.07765,30a4b62803c6770b
photo_scene_cut,baseline,120,independent,133774,136449,6.88983,d9b0d4392f82b3fe
photo_scene_cut,baseline,121,global-v1,112535,115210,8.12823,cb3d3fbec0e02244
photo_scene_cut,baseline,122,global-v1,112712,115387,8.43967,546a6806559d0905
photo_scene_cut,baseline,123,global-v1,112310,114985,8.34522,4c3d57cfb87b8dd7
photo_scene_cut,baseline,124,global-v1,112097,114772,8.14751,4568d429357d1fd9
photo_scene_cut,baseline,125,global-v1,112346,115021,8.1003,1a64ced8f4164ff1
photo_scene_cut,baseline,126,global-v1,111736,114411,8.26512,6ae4d3344ed2bb22
photo_scene_cut,baseline,127,global-v1,111873,114548,8.29076,fbbd5d4d229fbbb2
photo_scene_cut,baseline,128,independent,132442,135117,7.14961,8f171ea4316d0d31
photo_scene_cut,baseline,129,global-v1,111232,113907,9.09522,b3ca5aabafca62c3
photo_scene_cut,regions,106,independent,137549,140224,8.5226,9907604201420eb8
photo_scene_cut,regions,107,regional-v2,98538,101213,7.79762,bb2841026995dce4
photo_scene_cut,regions,108,global-v1,66728,69403,7.94153,4b25f0c55c95baf5
photo_scene_cut,regions,109,regional-v2,79707,82382,8.4975,501e12b5db1beccb
photo_scene_cut,regions,110,regional-v2,104495,107170,7.99373,510ef6d472eb75e6
photo_scene_cut,regions,111,regional-v2,97999,100674,7.95735,3638496c1e09f35c
photo_scene_cut,regions,112,independent,135630,138305,6.65335,998ad3ac0acfe1e3
photo_scene_cut,regions,113,regional-v2,78716,81391,8.00011,a166e15f4f15cd60
photo_scene_cut,regions,114,regional-v2,103862,106537,8.69946,76c532524c302baa
photo_scene_cut,regions,115,regional-v2,102049,104724,8.28077,cfdf2aa11e21078a
photo_scene_cut,regions,116,global-v1,65945,68620,7.71992,6ee2fcad6eca2c8b
photo_scene_cut,regions,117,regional-v2,78323,80998,7.9972,2fea8c576d326550
photo_scene_cut,regions,118,regional-v2,91320,93995,8.89124,03c24d36355ce265
photo_scene_cut,regions,119,regional-v2,90986,93661,8.1835,30a4b62803c6770b
photo_scene_cut,regions,120,independent,133774,136449,7.24114,d9b0d4392f82b3fe
photo_scene_cut,regions,121,regional-v2,87422,90097,9.06778,cb3d3fbec0e02244
photo_scene_cut,regions,122,regional-v2,100583,103258,8.34316,546a6806559d0905
photo_scene_cut,regions,123,regional-v2,90648,93323,7.9656,4c3d57cfb87b8dd7
photo_scene_cut,regions,124,regional-v2,87156,89831,7.92838,4568d429357d1fd9
photo_scene_cut,regions,125,regional-v2,88452,91127,8.12437,1a64ced8f4164ff1
photo_scene_cut,regions,126,regional-v2,91623,94298,7.79775,6ae4d3344ed2bb22
photo_scene_cut,regions,127,regional-v2,102497,105172,8.77361,fbbd5d4d229fbbb2
photo_scene_cut,regions,128,independent,132442,135117,6.58698,8f171ea4316d0d31
photo_scene_cut,regions,129,regional-v2,87431,90106,7.98315,b3ca5aabafca62c3
