window,budget_mbps,payload_mbps,fresh_fps,derived_delay_ms,holes
0,433.604,63.49608,89.8,43.699999999999996,0
1,433.604,64.013908,89.30111111111111,43.3,0
2,433.604,63.7236,89.7,41.4,0
3,433.604,63.7236,89.8,40.6,0
4,433.604,63.7236,89.8,40.4,0
5,433.604,63.7236,89.8,40.199999999999996,0
6,433.604,63.7236,89.8,40.5,0
7,433.604,63.7236,89.8,40.1,0
8,433.604,63.7236,89.8,40.2,0
9,433.604,63.7236,89.8,40.4,0
10,433.604,63.7236,89.8,40.5,0
11,433.604,63.6012,89.8,40.4,0
12,433.604,63.7236,89.8,40.5,0
13,433.604,63.7236,89.8,40.5,0
14,433.604,63.7236,89.8,40.199999999999996,0
15,433.604,63.7236,89.30111111111111,40.4,0
16,433.604,63.7236,89.30111111111111,40.1,0
17,433.604,63.7236,89.8,40.3,0
18,433.604,63.7236,89.8,40.0,0
19,433.604,63.7236,89.8,39.7,0
20,433.604,63.84024,89.8,39.7,0
21,433.604,63.7236,89.8,40.1,0
22,433.604,63.7236,89.8,40.1,0
23,433.604,63.60552,89.8,40.7,0
24,433.604,63.7236,89.8,40.6,0
25,433.604,63.7236,89.30111111111111,40.9,0
26,433.604,63.7236,89.30111111111111,41.1,0
27,433.604,63.7236,89.8,41.1,0
28,433.604,63.7236,89.8,41.3,0
29,433.604,63.7236,89.8,41.699999999999996,0
30,433.604,63.7236,89.8,41.4,0
31,433.604,63.7236,89.8,41.4,0
32,433.604,63.7236,89.8,41.3,0
33,433.604,63.84888,89.8,41.3,0
34,433.604,63.7236,89.8,41.6,0
35,433.604,63.60552,89.8,41.6,0
36,433.604,63.7236,89.8,41.4,0
37,433.604,63.7236,89.8,41.7,0
38,433.604,63.8424,89.30111111111111,41.2,0
39,433.604,63.7236,89.8,41.1,0
40,433.604,63.60552,89.30111111111111,41.4,0
41,433.604,63.7236,89.7,41.4,0
42,433.604,63.7236,89.8,41.4,0
43,433.604,63.84888,89.8,41.5,0
44,433.604,63.7236,89.8,41.1,0
45,433.604,63.60552,89.8,41.1,0
46,433.604,63.7236,88.80222222222223,41.3,0
47,433.604,63.7236,89.30111111111111,41.2,0
48,433.604,63.7236,89.8,40.8,0
49,433.604,63.7236,89.8,40.6,0
50,433.604,63.7236,89.8,40.6,0
51,433.604,63.7236,89.8,40.3,0
52,433.604,63.7236,89.8,40.5,0
53,433.604,63.7236,89.8,40.4,0
54,433.604,63.7236,89.8,40.3,0
55,433.604,63.7236,89.8,40.1,0
56,433.604,63.7236,89.8,40.2,0
57,433.604,63.7236,89.8,39.7,0
58,433.604,63.7236,88.30333333333333,40.6,0
59,433.604,63.7236,89.8,41.6,0
60,433.604,63.7236,89.50276243093923,42.0,0
61,433.604,63.7236,89.7,46.1,0
62,433.604,63.7236,89.7,46.0,0
63,433.604,63.6012,89.30111111111111,45.199999999999996,0
64,433.604,63.6012,89.30111111111111,45.1,0
65,433.604,63.84672,89.8,46.3,0
66,433.604,63.7236,89.8,46.5,0
67,433.604,63.7236,89.20166666666667,45.800000000000004,0
68,433.604,63.7236,89.7,44.5,0
69,433.604,63.7236,89.8,44.3,0
70,433.604,63.7236,89.30111111111111,43.8,0
71,433.604,63.7236,89.8,44.5,0
72,433.604,63.7236,89.8,44.5,0
73,433.604,63.7236,89.8,44.5,0
74,433.604,63.7236,89.8,44.8,0
75,433.604,63.7236,89.8,44.699999999999996,0
76,433.604,63.7236,89.30111111111111,44.1,0
77,433.604,63.7236,89.40055555555556,46.3,0
78,433.604,63.7236,89.8,47.6,0
79,433.604,63.7236,87.80444444444444,45.1,0
80,433.604,63.140872,88.30333333333333,42.1,0
81,433.604,64.268756,89.8,42.9,0
82,433.604,63.59688,79.82222222222221,45.5,3
83,351.22,60.97248,88.30333333333333,44.9,0
84,316.098,48.51,89.6,43.5,0
85,316.098,35.28648,89.8,41.9,0
86,316.098,35.28216,89.30111111111111,41.9,0
87,316.098,35.28648,89.8,41.800000000000004,0
88,316.098,35.28216,89.8,42.2,0
89,316.098,35.28648,89.30111111111111,41.800000000000004,0
90,316.098,35.45784,88.80222222222223,41.8,0
91,316.098,35.28648,89.8,42.0,0
92,316.098,35.28216,89.8,41.4,0
93,316.098,35.20152,89.8,41.5,0
94,316.098,35.28216,89.30111111111111,41.4,0
95,316.098,35.28648,89.7,41.6,0
96,316.098,35.28216,89.30111111111111,40.5,0
97,316.098,35.28648,89.20166666666667,41.3,0
98,316.098,35.28216,89.8,41.4,0
99,316.098,35.37216,89.8,40.8,0
100,316.098,35.37144,89.8,41.5,0
101,316.098,35.37576,89.8,41.5,0
102,316.098,35.28216,89.8,41.5,0
103,316.098,35.28648,89.30111111111111,41.2,0
104,316.098,35.37504,89.8,41.2,0
105,316.098,35.46432,89.8,40.6,0
106,316.098,35.46,88.80222222222223,40.300000000000004,0
107,316.098,35.46432,89.8,40.9,0
108,316.098,35.37,88.80222222222223,40.6,0
109,316.098,35.37576,88.30333333333333,40.7,0
110,316.098,35.46,89.7,40.6,0
111,316.098,35.37576,89.8,39.8,0
112,316.098,35.46,88.80222222222223,39.7,0
113,316.098,35.37576,88.80222222222223,40.1,0
114,316.098,35.46,89.30111111111111,40.1,0
115,316.098,35.55144,89.8,39.7,0
116,316.098,35.46,89.30111111111111,39.9,0
117,316.098,35.46432,85.61777777777777,42.4,2
118,316.098,35.37504,89.7,44.5,0
119,284.488,39.80232,89.30111111111111,43.9,0
120,284.488,40.34232,89.7,43.8,0
121,284.488,40.26312,89.7,41.4,0
122,284.488,40.34232,89.8,41.1,0
123,284.488,40.26312,89.8,40.9,0
124,284.488,40.17816,89.8,40.7,0
125,284.488,40.26312,89.8,40.3,0
126,284.488,40.26024,89.8,40.0,0
127,284.488,40.26312,89.30111111111111,40.0,0
128,284.488,40.34088,89.8,39.7,0
129,284.488,40.26312,89.30111111111111,40.0,0
130,284.488,40.34232,89.8,39.8,0
131,284.488,40.26312,89.30111111111111,40.2,0
132,284.488,40.26024,89.8,40.4,0
133,284.488,40.26312,89.8,40.5,0
134,284.488,40.26024,89.8,40.4,0
135,284.488,40.18608,89.30111111111111,40.2,0
136,284.488,40.26024,86.90333333333334,40.4,0
137,284.488,40.26312,89.6,42.9,0
138,284.488,40.33728,89.8,41.0,0
139,284.488,40.26312,88.80222222222223,41.0,0
140,284.488,40.26024,89.30111111111111,40.7,0
141,284.488,40.26312,89.7,41.099999999999994,0
142,284.488,40.26024,89.8,40.6,0
143,284.488,40.26312,88.80222222222223,40.6,0
144,284.488,40.26024,89.8,41.199999999999996,0
145,284.488,40.26312,89.8,41.0,0
146,284.488,40.26024,89.8,40.9,0
147,284.488,40.26312,89.8,41.0,0
148,284.488,40.26024,89.8,40.6,0
149,284.488,40.18608,89.8,40.699999999999996,0
150,284.488,40.26024,89.8,40.8,0
151,284.488,40.26312,89.8,40.6,0
152,284.488,40.26024,89.8,40.7,0
153,284.488,40.18104,89.8,40.5,0
154,284.488,40.26024,89.8,40.0,0
155,284.488,40.26312,89.8,40.3,0
156,284.488,40.26024,89.8,40.4,0
157,284.488,40.26312,89.8,40.4,0
158,284.488,40.26024,89.8,40.4,0
159,284.488,40.26312,89.8,40.3,0
160,284.488,40.26024,89.8,40.0,0
161,284.488,40.26312,89.8,40.0,0
162,284.488,40.26024,89.8,40.1,0
163,284.488,40.26312,89.8,40.3,0
164,284.488,40.26024,89.8,40.199999999999996,0
165,284.488,40.3416,89.8,40.0,0
166,284.488,40.26024,89.30111111111111,40.2,0
167,284.488,40.26312,88.80222222222223,39.8,0
168,284.488,40.17816,89.8,40.5,0
169,284.488,40.26312,89.8,40.8,0
170,284.488,40.34232,89.8,40.3,0
171,284.488,40.26312,89.8,40.199999999999996,0
172,284.488,40.26024,89.30111111111111,40.4,0
173,284.488,40.26312,89.30111111111111,39.8,0
174,284.488,40.26024,89.8,40.199999999999996,0
175,284.488,40.34376,89.8,40.4,0
176,284.488,40.26024,89.8,40.1,0
177,284.488,40.26312,89.8,40.3,0
178,284.488,40.26024,89.30111111111111,40.2,0
179,284.488,40.26312,89.8,39.9,0
180,284.488,40.26024,89.8,40.0,0
181,284.488,40.26312,89.8,39.7,0
182,284.488,40.26024,89.30111111111111,39.6,0
183,284.488,40.26312,89.8,40.2,0
184,284.488,40.26024,89.8,40.0,0
185,284.488,40.26312,89.8,40.199999999999996,0
186,284.488,40.26024,89.30111111111111,40.4,0
187,284.488,40.26312,89.30111111111111,40.2,0
188,284.488,40.26024,89.8,40.3,0
189,284.488,40.26312,89.8,40.5,0
190,284.488,40.1832,89.8,40.1,0
191,284.488,40.26312,89.8,40.3,0
192,284.488,40.26024,89.8,40.199999999999996,0
193,284.488,40.34016,89.8,40.0,0
194,284.488,40.26024,89.8,40.4,0
195,284.488,40.26312,89.8,40.099999999999994,0
196,284.488,40.26024,88.80222222222223,40.1,0
197,284.488,40.26312,89.8,40.4,0
198,284.488,40.26024,89.8,40.1,0
199,284.488,40.26312,89.8,40.199999999999996,0
200,284.488,40.26024,89.8,40.4,0
201,284.488,40.26312,89.8,40.2,0
202,284.488,40.26024,89.8,40.199999999999996,0
203,284.488,40.26312,89.8,40.0,0
204,284.488,40.26024,89.8,39.699999999999996,0
205,284.488,40.26312,89.8,40.4,0
206,284.488,40.26024,89.8,40.199999999999996,0
207,284.488,40.26312,89.8,40.1,0
208,284.488,40.26024,89.8,40.3,0
209,284.488,40.26312,89.8,39.9,0
210,284.488,40.26024,89.8,39.4,0
211,284.488,40.26312,89.8,40.199999999999996,0
212,284.488,40.26024,89.8,39.9,0
213,284.488,40.26312,89.8,39.699999999999996,0
214,284.488,40.26024,89.8,39.9,0
215,284.488,40.26312,89.30111111111111,39.5,0
216,284.488,40.26024,88.80222222222223,39.4,0
217,284.488,40.26312,89.8,39.699999999999996,0
218,284.488,40.26024,89.8,39.599999999999994,0
219,284.488,40.26312,89.30111111111111,40.2,0
220,284.488,40.17816,89.8,40.3,0
221,284.488,40.26312,89.8,40.0,0
222,284.488,40.26024,89.8,40.3,0
223,284.488,40.26312,89.8,40.1,0
224,284.488,40.26024,89.8,40.0,0
225,284.488,40.26312,89.8,40.4,0
226,284.488,40.26024,88.30333333333333,40.300000000000004,0
227,284.488,40.26312,89.8,40.199999999999996,0
228,284.488,40.33872,89.8,40.199999999999996,0
229,284.488,40.26312,89.8,40.1,0
230,284.488,40.26024,89.8,40.1,0
231,284.488,40.26312,89.8,40.3,0
232,284.488,40.26024,89.30111111111111,40.1,0
233,284.488,40.26312,89.8,40.3,0
234,284.488,40.26024,89.8,40.1,0
235,284.488,40.26312,89.8,39.9,0
236,284.488,40.26024,89.30111111111111,40.6,0
237,284.488,40.26312,89.8,40.6,0
238,284.488,40.26024,89.8,40.5,0
239,284.488,40.26312,89.30111111111111,41.0,0
240,284.488,40.33728,89.8,40.6,0
241,284.488,40.26312,89.8,40.3,0
242,284.488,40.26024,89.8,40.699999999999996,0
243,284.488,40.26312,89.8,40.4,0
244,284.488,40.26024,89.8,40.199999999999996,0
245,284.488,40.26312,89.8,40.1,0
246,284.488,40.26024,89.8,40.0,0
247,284.488,40.26312,89.30111111111111,39.9,0
248,284.488,40.26024,89.8,40.0,0
249,284.488,40.26312,89.8,40.0,0
250,284.488,40.26024,89.8,40.199999999999996,0
251,284.488,40.26312,89.8,39.8,0
252,284.488,40.26024,89.8,39.699999999999996,0
253,284.488,40.26312,89.8,39.699999999999996,0
254,284.488,40.26024,89.30111111111111,39.6,0
255,284.488,40.26312,89.8,40.0,0
256,284.488,40.26024,89.30111111111111,39.8,0
257,284.488,40.18608,89.8,39.6,0
258,284.488,40.26024,89.8,40.0,0
259,284.488,40.26312,89.8,39.699999999999996,0
260,284.488,40.33872,89.8,39.6,0
261,284.488,40.26312,89.30111111111111,40.1,0
262,284.488,40.17816,89.8,39.699999999999996,0
263,284.488,40.26312,89.30111111111111,39.7,0
264,284.488,40.26024,89.8,39.9,0
265,284.488,40.26312,89.8,39.5,0
266,284.488,40.26024,89.8,39.9,0
267,284.488,40.26312,89.8,40.1,0
268,284.488,40.26024,89.8,39.8,0
269,284.488,40.26312,89.8,40.1,0
270,284.488,40.26024,89.8,40.3,0
271,284.488,40.26312,89.8,39.699999999999996,0
272,284.488,40.33872,89.8,40.2,0
273,284.488,40.26312,89.8,40.3,0
274,284.488,40.26024,89.8,40.0,0
275,284.488,40.18104,89.8,40.5,0
276,284.488,40.26024,89.8,40.4,0
277,256.039,35.9424,89.8,40.1,0
278,256.039,31.8888,89.8,40.4,0
279,256.039,31.82328,89.8,40.4,0
280,256.039,31.8888,89.8,40.1,0
281,256.039,31.89168,89.30111111111111,40.300000000000004,0
282,256.039,31.8888,89.8,40.1,0
283,256.039,31.89168,89.8,40.4,0
284,256.039,31.8888,88.80222222222223,40.1,0
285,256.039,31.89168,88.30333333333333,40.3,0
286,256.039,31.8888,88.80222222222223,41.4,0
287,256.039,31.81896,89.30111111111111,41.3,0
288,256.039,31.8888,87.90222222222222,40.9,0
289,256.039,31.89168,89.7,42.0,0
290,256.039,31.9608,89.8,40.699999999999996,0
291,256.039,31.89168,89.8,40.5,0
292,256.039,31.8888,89.8,41.2,0
293,256.039,31.89168,89.8,41.0,0
294,256.039,31.8888,89.8,40.6,0
295,256.039,31.89168,89.8,40.199999999999996,0
296,256.039,31.8888,89.30111111111111,39.7,0
297,256.039,31.95936,89.8,40.199999999999996,0
298,256.039,31.8888,89.8,40.3,0
299,256.039,31.89168,89.8,40.1,0
300,256.039,31.8888,89.8,40.6,0
301,256.039,31.89168,89.8,40.199999999999996,0
302,256.039,31.8888,89.8,39.9,0
303,256.039,31.89168,89.8,40.6,0
304,256.039,31.8888,89.8,40.3,0
305,256.039,31.89168,89.30111111111111,40.199999999999996,0
306,256.039,31.8888,89.8,40.9,0
307,256.039,31.89168,89.8,40.8,0
308,256.039,31.8888,89.8,40.6,0
309,256.039,31.89168,89.8,40.9,0
310,256.039,31.8888,89.8,40.4,0
311,256.039,31.89168,89.8,40.4,0
312,256.039,31.8888,89.8,40.8,0
313,256.039,31.89168,89.30111111111111,40.5,0
314,256.039,31.95648,89.30111111111111,40.9,0
315,256.039,31.89168,89.8,40.9,0
316,256.039,31.8204,88.80222222222223,40.4,0
317,256.039,31.82328,89.8,40.6,0
318,256.039,31.95648,89.8,40.6,0
319,256.039,31.89168,89.30111111111111,40.699999999999996,0
320,256.039,31.8204,89.8,40.6,0
321,256.039,31.82328,89.8,40.4,0
322,256.039,31.8888,89.8,40.1,0
323,256.039,31.89168,89.8,40.4,0
324,256.039,31.8888,89.8,40.5,0
325,256.039,31.89168,89.8,40.7,0
326,256.039,31.8888,89.8,41.0,0
327,256.039,31.89168,89.8,40.9,0
328,256.039,31.8888,89.8,40.8,0
329,256.039,31.89168,89.8,41.0,0
330,256.039,31.8888,89.8,40.9,0
331,256.039,31.89168,89.8,41.0,0
332,256.039,31.8888,89.8,41.199999999999996,0
333,256.039,31.82328,89.8,41.0,0
334,256.039,31.8888,89.8,41.2,0
335,256.039,31.89168,89.30111111111111,40.9,0
336,256.039,31.8888,89.8,40.8,0
337,256.039,31.89168,89.8,41.0,0
338,256.039,31.8888,89.8,41.0,0
339,256.039,31.89168,89.30111111111111,40.6,0
340,256.039,31.8888,89.30111111111111,41.1,0
341,256.039,31.89168,89.8,40.7,0
342,256.039,31.8888,89.8,40.7,0
343,256.039,31.89168,89.8,40.9,0
344,256.039,31.8888,89.8,40.8,0
345,256.039,31.89168,89.30111111111111,40.8,0
346,256.039,31.8888,89.30111111111111,41.2,0
347,256.039,31.96296,89.8,41.0,0
348,256.039,31.8888,89.8,41.0,0
349,256.039,31.89168,89.8,40.6,0
350,256.039,31.8204,89.8,40.4,0
351,256.039,31.89168,89.8,40.7,0
352,256.039,31.95648,89.8,40.2,0
353,256.039,31.89168,89.8,40.1,0
354,256.039,31.8888,89.8,40.4,0
355,256.039,31.89168,89.8,40.3,0
356,256.039,31.8888,89.30111111111111,40.4,0
357,256.039,31.9608,89.8,40.3,0
358,256.039,31.8888,89.8,40.1,0
359,256.039,31.89168,89.30111111111111,40.6,0
360,256.039,31.81608,89.30111111111111,40.4,0
361,256.039,31.89168,89.30111111111111,40.4,0
362,256.039,31.8888,89.8,40.5,0
363,256.039,31.89168,89.8,40.1,0
364,256.039,31.8888,88.80222222222223,40.1,0
365,256.039,31.89168,89.8,40.699999999999996,0
366,256.039,31.8888,89.30111111111111,40.6,0
367,256.039,31.89168,89.8,40.4,0
368,256.039,31.8888,89.30111111111111,40.6,0
369,256.039,31.89168,89.8,40.2,0
370,256.039,31.8888,88.80222222222223,40.2,0
371,256.039,31.81896,89.8,40.6,0
372,256.039,31.8888,89.8,40.2,0
373,256.039,31.89168,89.8,40.5,0
374,256.039,31.8888,89.30111111111111,40.4,0
375,256.039,31.89168,88.90111111111112,39.800000000000004,0
376,256.039,31.8888,88.205,40.4,0
377,256.039,31.89168,89.30111111111111,40.8,0
378,256.039,31.8888,89.8,40.3,0
379,256.039,31.89168,89.8,41.1,0
380,256.039,31.8888,89.8,40.5,0
381,256.039,31.95936,89.8,40.2,0
382,256.039,31.8204,88.80222222222223,39.9,0
383,256.039,31.89168,89.8,40.0,0
384,256.039,31.8888,89.30111111111111,40.199999999999996,0
385,256.039,31.89168,89.8,40.3,0
386,256.039,31.8888,89.8,39.9,0
387,256.039,31.89168,88.80222222222223,40.699999999999996,0
388,256.039,31.95648,89.8,40.1,0
389,256.039,31.89168,89.8,40.0,0
390,256.039,31.9608,89.8,40.4,0
391,256.039,31.89168,89.30111111111111,40.300000000000004,0
392,256.039,31.81608,89.8,40.199999999999996,0
393,256.039,31.89168,89.8,40.4,0
394,256.039,31.8888,89.8,39.9,0
395,256.039,31.96296,88.80222222222223,40.0,0
396,256.039,31.8888,89.8,40.8,0
397,256.039,31.82328,89.8,40.8,0
398,256.039,31.8888,89.8,40.7,0
399,256.039,31.89168,89.8,41.1,0
400,256.039,31.95648,89.8,40.6,0
401,256.039,31.89168,89.8,40.7,0
402,256.039,31.8204,89.30111111111111,41.0,0
403,256.039,31.89168,86.0,41.300000000000004,0
404,256.039,31.8888,86.71000000000001,43.699999999999996,0
405,256.039,31.89168,88.30333333333333,41.7,0
406,256.039,31.8888,89.7,41.7,0
407,256.039,31.89168,89.8,40.9,0
408,256.039,31.8888,89.8,40.9,0
409,256.039,31.89168,89.8,40.6,0
410,256.039,31.8888,88.80222222222223,40.6,0
411,256.039,31.89168,89.8,40.9,0
412,256.039,31.95648,89.8,40.5,0
413,256.039,31.89168,89.8,40.699999999999996,0
414,256.039,31.8888,89.8,40.7,0
415,256.039,31.82328,89.8,40.6,0
416,256.039,31.8888,89.8,41.0,0
417,256.039,31.9608,89.8,40.8,0
418,256.039,31.8888,89.8,40.6,0
419,256.039,31.89168,89.8,40.699999999999996,0
420,256.039,31.8888,89.8,40.6,0
421,256.039,31.89168,89.8,40.5,0
422,256.039,31.8888,89.8,40.5,0
423,256.039,31.89168,89.8,40.0,0
424,256.039,31.8888,89.8,40.0,0
425,256.039,31.89168,89.8,39.7,0
426,256.039,31.8888,89.8,39.9,0
427,256.039,31.89168,89.8,40.2,0
428,256.039,31.8888,89.8,40.1,0
429,256.039,31.89168,89.8,40.3,0
430,256.039,31.8888,89.8,40.599999999999994,0
431,256.039,31.89168,89.8,39.699999999999996,0
432,256.039,31.81608,89.8,39.7,0
433,256.039,31.89168,89.8,40.1,0
434,256.039,31.8888,89.8,40.0,0
435,256.039,31.89168,88.30333333333333,40.1,0
436,256.039,31.8888,88.80222222222223,39.8,0
437,256.039,31.89168,89.8,39.6,0
438,256.039,31.8888,88.30333333333333,40.1,0
439,256.039,31.89168,89.8,40.3,0
440,256.039,31.8888,89.30111111111111,39.9,0
441,256.039,31.89168,89.8,40.3,0
442,256.039,31.8888,89.8,40.1,0
443,256.039,31.89168,79.41166666666668,51.300000000000004,0
