seconds,budget_mbps,equivalent_capacity_mbps,lost_frames,queue_ms
0.000,1000.000000,1000,0,11.1111
0.100,1000.000000,1000,0,11.1114
0.200,1000.000000,1000,0,11.1116
0.300,1000.000000,1000,0,11.1118
0.400,1000.000000,1000,0,11.1120
0.500,1000.000000,1000,0,11.1123
0.600,1000.000000,1000,0,11.1125
0.700,1000.000000,1000,0,11.1127
0.800,1000.000000,1000,0,11.1129
0.900,1000.000000,1000,0,11.1132
1.000,1000.000000,1000,0,11.1134
1.100,1000.000000,1000,0,11.1136
1.200,1000.000000,1000,0,11.1138
1.300,1000.000000,1000,0,11.1140
1.400,1000.000000,1000,0,11.1143
1.500,1000.000000,1000,0,11.1145
1.600,1000.000000,1000,0,11.1147
1.700,1000.000000,1000,0,11.1149
1.800,1000.000000,1000,0,11.1152
1.900,1000.000000,1000,0,11.1154
2.000,1000.000000,1000,0,11.1156
2.100,1000.000000,1000,0,11.1158
2.200,1000.000000,1000,0,11.1161
2.300,1000.000000,1000,0,11.1163
2.400,1000.000000,1000,0,11.1165
2.500,1000.000000,1000,0,11.1167
2.600,1000.000000,1000,0,11.1170
2.700,1000.000000,1000,0,11.1172
2.800,1000.000000,1000,0,11.1174
2.900,1000.000000,1000,0,11.1176
3.000,1000.000000,1000,0,11.1179
3.100,1000.000000,1000,0,11.1181
3.200,1000.000000,1000,0,11.1183
3.300,1000.000000,1000,0,11.1185
3.400,1000.000000,1000,0,11.1188
3.500,1000.000000,1000,0,11.1190
3.600,1000.000000,1000,0,11.1192
3.700,1000.000000,1000,0,11.1194
3.800,1000.000000,1000,0,11.1196
3.900,1000.000000,1000,0,11.1199
4.000,1000.000000,1000,0,11.1201
4.100,1000.000000,1000,0,11.1203
4.200,1000.000000,1000,0,11.1205
4.300,1000.000000,1000,0,11.1208
4.400,1000.000000,1000,0,11.1210
4.500,1000.000000,1000,0,11.1212
4.600,1000.000000,1000,0,11.1214
4.700,1000.000000,1000,0,11.1217
4.800,1000.000000,1000,0,11.1219
4.900,1000.000000,1000,0,11.1221
5.000,1000.000000,1000,0,11.1223
5.100,1000.000000,1000,0,11.1226
5.200,1000.000000,1000,0,11.1228
5.300,1000.000000,1000,0,11.1230
5.400,1000.000000,1000,0,11.1232
5.500,1000.000000,1000,0,11.1235
5.600,1000.000000,1000,0,11.1237
5.700,1000.000000,1000,0,11.1239
5.800,1000.000000,1000,0,11.1241
5.900,1000.000000,1000,0,11.1244
6.000,1000.000000,1000,0,11.1246
6.100,1000.000000,1000,0,11.1248
6.200,1000.000000,1000,0,11.1250
6.300,1000.000000,1000,0,11.1252
6.400,1000.000000,1000,0,11.1255
6.500,1000.000000,1000,0,11.1257
6.600,1000.000000,1000,0,11.1259
6.700,1000.000000,1000,0,11.1261
6.800,1000.000000,1000,0,11.1264
6.900,1000.000000,1000,0,11.1266
7.000,1000.000000,1000,0,11.1268
7.100,1000.000000,1000,0,11.1270
7.200,1000.000000,1000,0,11.1273
7.300,1000.000000,1000,0,11.1275
7.400,1000.000000,1000,0,11.1277
7.500,1000.000000,1000,0,11.1279
7.600,1000.000000,1000,0,11.1282
7.700,1000.000000,1000,0,11.1284
7.800,1000.000000,1000,0,11.1286
7.900,1000.000000,1000,0,11.1288
8.000,1000.000000,1000,0,11.1291
8.100,1000.000000,1000,0,11.1293
8.200,1000.000000,1000,0,11.1295
8.300,1000.000000,1000,0,11.1297
8.400,1000.000000,1000,0,11.1300
8.500,1000.000000,1000,0,11.1302
8.600,1000.000000,1000,0,11.1304
8.700,1000.000000,1000,0,11.1306
8.800,1000.000000,1000,0,11.1308
8.900,1000.000000,1000,0,11.1311
9.000,1000.000000,1000,0,11.1313
9.100,1000.000000,1000,0,11.1315
9.200,1000.000000,1000,0,11.1317
9.300,1000.000000,1000,0,11.1320
9.400,1000.000000,1000,0,11.1322
9.500,1000.000000,1000,0,11.1324
9.600,1000.000000,1000,0,11.1326
9.700,1000.000000,1000,0,11.1329
9.800,1000.000000,1000,0,11.1331
9.900,1000.000000,1000,0,11.1333
10.000,1000.000000,300,1,26.0006
10.100,1000.000000,300,10,0.0000
10.200,1000.000000,300,19,0.0000
10.300,800.000000,300,28,0.0000
10.400,800.000000,300,37,0.0000
10.500,800.000000,300,46,0.0000
10.600,800.000000,300,55,0.0000
10.700,800.000000,300,64,0.0000
10.800,800.000000,300,73,0.0000
10.900,640.000000,300,82,0.0000
11.000,640.000000,300,91,0.0000
11.100,640.000000,300,100,0.0000
11.200,640.000000,300,109,0.0000
11.300,640.000000,300,118,0.0000
11.400,512.000000,300,124,7.8519
11.500,512.000000,300,128,18.9630
11.600,512.000000,300,133,7.8519
11.700,512.000000,300,137,18.9630
11.800,512.000000,300,142,7.8519
11.900,409.600000,300,146,8.1187
12.000,409.600000,300,149,8.1187
12.100,409.600000,300,152,8.1187
12.200,409.600000,300,155,8.1187
12.300,409.600000,300,158,8.1187
12.400,327.680000,300,160,17.2209
12.500,327.680000,300,161,15.2119
12.600,327.680000,300,162,13.1615
12.700,327.680000,300,163,10.2521
12.800,327.680000,300,163,20.3380
12.900,327.680000,300,164,18.2876
13.000,262.144000,300,164,9.7091
13.100,262.144000,300,164,9.7091
13.200,262.144000,300,164,9.7091
13.300,262.144000,300,164,9.7091
13.400,262.144000,300,164,9.7091
13.500,262.144000,300,164,9.7091
13.600,262.144000,300,164,9.7091
13.700,288.358400,300,164,10.6800
13.800,288.358400,300,164,10.6800
13.900,288.358400,300,164,10.6800
14.000,288.358400,300,164,10.6800
14.100,288.358400,300,164,10.6800
14.200,288.358400,300,164,10.6800
14.300,288.358400,300,164,10.6800
14.400,288.358400,300,164,10.6800
14.500,327.680000,300,164,15.2119
14.600,327.680000,300,165,13.1615
14.700,327.680000,300,166,10.2521
14.800,327.680000,300,166,20.3380
14.900,327.680000,300,167,18.2876
15.000,294.912000,300,168,13.8098
15.100,294.912000,300,168,12.1138
15.200,294.912000,300,168,10.9227
15.300,294.912000,300,168,10.9227
15.400,294.912000,300,168,10.9227
15.500,294.912000,300,168,10.9227
15.600,265.420800,300,168,9.8304
15.700,265.420800,300,168,9.8304
15.800,265.420800,300,168,9.8304
15.900,265.420800,300,168,9.8304
16.000,265.420800,300,168,9.8304
16.100,265.420800,300,168,9.8304
16.200,265.420800,300,168,9.8304
16.300,291.962880,300,168,10.8134
16.400,291.962880,300,168,10.8134
16.500,291.962880,300,168,10.8134
16.600,291.962880,300,168,10.8134
16.700,291.962880,300,168,10.8134
16.800,291.962880,300,168,10.8134
16.900,291.962880,300,168,10.8134
17.000,291.962880,300,168,10.8134
17.100,350.355456,300,168,18.5715
17.200,350.355456,300,170,12.9762
17.300,350.355456,300,171,18.5715
17.400,350.355456,300,173,12.9762
17.500,350.355456,300,174,18.5715
17.600,280.284364,300,175,18.9762
17.700,280.284364,300,175,12.4044
17.800,280.284364,300,175,10.3809
17.900,280.284364,300,175,10.3809
18.000,280.284364,300,175,10.3809
18.100,280.284364,300,175,10.3809
18.200,252.255927,300,175,9.3428
18.300,252.255927,300,175,9.3428
18.400,252.255927,300,175,9.3428
18.500,252.255927,300,175,9.3428
18.600,252.255927,300,175,9.3428
18.700,252.255927,300,175,9.3428
18.800,252.255927,300,175,9.3428
18.900,262.766592,300,175,9.7322
19.000,262.766592,300,175,9.7322
19.100,262.766592,300,175,9.7322
19.200,262.766592,300,175,9.7322
19.300,262.766592,300,175,9.7322
19.400,262.766592,300,175,9.7322
19.500,262.766592,300,175,9.7322
19.600,262.766592,300,175,9.7322
19.700,315.319910,300,175,13.3811
19.800,315.319910,300,175,18.4886
19.900,315.319910,300,176,12.2461
20.000,315.319910,1000,176,3.5036
20.100,315.319910,1000,176,3.5036
20.200,283.787919,1000,176,3.1532
20.300,283.787919,1000,176,3.1532
20.400,283.787919,1000,176,3.1532
20.500,283.787919,1000,176,3.1532
20.600,283.787919,1000,176,3.1532
20.700,283.787919,1000,176,3.1532
20.800,283.787919,1000,176,3.1532
20.900,283.787919,1000,176,3.1532
21.000,312.166710,1000,176,3.4685
21.100,312.166710,1000,176,3.4685
21.200,312.166710,1000,176,3.4685
21.300,312.166710,1000,176,3.4685
21.400,312.166710,1000,176,3.4685
21.500,312.166710,1000,176,3.4685
21.600,312.166710,1000,176,3.4685
21.700,312.166710,1000,176,3.4685
21.800,374.600052,1000,176,4.1622
21.900,374.600052,1000,176,4.1622
22.000,374.600052,1000,176,4.1622
22.100,374.600052,1000,176,4.1622
22.200,374.600052,1000,176,4.1622
22.300,374.600052,1000,176,4.1622
22.400,374.600052,1000,176,4.1622
22.500,374.600052,1000,176,4.1622
22.600,505.710070,1000,176,5.6190
22.700,505.710070,1000,176,5.6190
22.800,505.710070,1000,176,5.6190
22.900,505.710070,1000,176,5.6190
23.000,505.710070,1000,176,5.6190
23.100,505.710070,1000,176,5.6190
23.200,505.710070,1000,176,5.6190
23.300,682.708594,1000,176,7.5857
23.400,682.708594,1000,176,7.5857
23.500,682.708594,1000,176,7.5857
23.600,682.708594,1000,176,7.5857
23.700,682.708594,1000,176,7.5857
23.800,682.708594,1000,176,7.5857
23.900,682.708594,1000,176,7.5857
24.000,682.708594,1000,176,7.5857
24.100,921.656601,1000,176,10.2406
24.200,921.656601,1000,176,10.2406
24.300,921.656601,1000,176,10.2406
24.400,921.656601,1000,176,10.2406
24.500,921.656601,1000,176,10.2406
24.600,921.656601,1000,176,10.2406
24.700,921.656601,1000,176,10.2406
24.800,921.656601,1000,176,10.2406
24.900,1000.000000,1000,176,11.1112
25.000,1000.000000,1000,176,11.1115
25.100,1000.000000,1000,176,11.1117
25.200,1000.000000,1000,176,11.1119
25.300,1000.000000,1000,176,11.1121
25.400,1000.000000,1000,176,11.1124
25.500,1000.000000,1000,176,11.1126
25.600,1000.000000,1000,176,11.1128
25.700,1000.000000,1000,176,11.1130
25.800,1000.000000,1000,176,11.1133
25.900,1000.000000,1000,176,11.1135
26.000,1000.000000,1000,176,11.1137
26.100,1000.000000,1000,176,11.1139
26.200,1000.000000,1000,176,11.1141
26.300,1000.000000,1000,176,11.1144
26.400,1000.000000,1000,176,11.1146
26.500,1000.000000,1000,176,11.1148
26.600,1000.000000,1000,176,11.1150
26.700,1000.000000,1000,176,11.1153
26.800,1000.000000,1000,176,11.1155
26.900,1000.000000,1000,176,11.1157
27.000,1000.000000,1000,176,11.1159
27.100,1000.000000,1000,176,11.1162
27.200,1000.000000,1000,176,11.1164
27.300,1000.000000,1000,176,11.1166
27.400,1000.000000,1000,176,11.1168
27.500,1000.000000,1000,176,11.1171
27.600,1000.000000,1000,176,11.1173
27.700,1000.000000,1000,176,11.1175
27.800,1000.000000,1000,176,11.1177
27.900,1000.000000,1000,176,11.1180
28.000,1000.000000,1000,176,11.1182
28.100,1000.000000,1000,176,11.1184
28.200,1000.000000,1000,176,11.1186
28.300,1000.000000,1000,176,11.1189
28.400,1000.000000,1000,176,11.1191
28.500,1000.000000,1000,176,11.1193
28.600,1000.000000,1000,176,11.1195
28.700,1000.000000,1000,176,11.1197
28.800,1000.000000,1000,176,11.1200
28.900,1000.000000,1000,176,11.1202
29.000,1000.000000,1000,176,11.1204
29.100,1000.000000,1000,176,11.1206
29.200,1000.000000,1000,176,11.1209
29.300,1000.000000,1000,176,11.1211
29.400,1000.000000,1000,176,11.1213
29.500,1000.000000,1000,176,11.1215
29.600,1000.000000,1000,176,11.1218
29.700,1000.000000,1000,176,11.1220
29.800,1000.000000,1000,176,11.1222
29.900,1000.000000,1000,176,11.1224
30.000,1000.000000,1000,176,11.1227
30.100,1000.000000,1000,176,11.1229
30.200,1000.000000,1000,176,11.1231
30.300,1000.000000,1000,176,11.1233
30.400,1000.000000,1000,176,11.1236
30.500,1000.000000,1000,176,11.1238
30.600,1000.000000,1000,176,11.1240
30.700,1000.000000,1000,176,11.1242
30.800,1000.000000,1000,176,11.1245
30.900,1000.000000,1000,176,11.1247
31.000,1000.000000,1000,176,11.1249
31.100,1000.000000,1000,176,11.1251
31.200,1000.000000,1000,176,11.1253
31.300,1000.000000,1000,176,11.1256
31.400,1000.000000,1000,176,11.1258
31.500,1000.000000,1000,176,11.1260
31.600,1000.000000,1000,176,11.1262
31.700,1000.000000,1000,176,11.1265
31.800,1000.000000,1000,176,11.1267
31.900,1000.000000,1000,176,11.1269
32.000,1000.000000,1000,176,11.1271
32.100,1000.000000,1000,176,11.1274
32.200,1000.000000,1000,176,11.1276
32.300,1000.000000,1000,176,11.1278
32.400,1000.000000,1000,176,11.1280
32.500,1000.000000,1000,176,11.1283
32.600,1000.000000,1000,176,11.1285
32.700,1000.000000,1000,176,11.1287
32.800,1000.000000,1000,176,11.1289
32.900,1000.000000,1000,176,11.1292
33.000,1000.000000,1000,176,11.1294
33.100,1000.000000,1000,176,11.1296
33.200,1000.000000,1000,176,11.1298
33.300,1000.000000,1000,176,11.1301
33.400,1000.000000,1000,176,11.1303
33.500,1000.000000,1000,176,11.1305
33.600,1000.000000,1000,176,11.1307
33.700,1000.000000,1000,176,11.1309
33.800,1000.000000,1000,176,11.1312
33.900,1000.000000,1000,176,11.1314
34.000,1000.000000,1000,176,11.1316
34.100,1000.000000,1000,176,11.1318
34.200,1000.000000,1000,176,11.1321
34.300,1000.000000,1000,176,11.1323
34.400,1000.000000,1000,176,11.1325
34.500,1000.000000,1000,176,11.1327
34.600,1000.000000,1000,176,11.1330
34.700,1000.000000,1000,176,11.1332
34.800,1000.000000,1000,176,11.1334
34.900,1000.000000,1000,176,11.1336
35.000,1000.000000,550,177,9.1322
35.100,1000.000000,550,181,20.2021
35.200,1000.000000,550,186,9.0910
35.300,1000.000000,550,190,20.2021
35.400,800.000000,550,194,10.1010
35.500,800.000000,550,197,10.1010
35.600,800.000000,550,200,10.1010
35.700,800.000000,550,203,10.1010
35.800,800.000000,550,206,10.1010
35.900,640.000000,550,208,16.5658
36.000,640.000000,550,209,20.2022
36.100,640.000000,550,211,10.9094
36.200,640.000000,550,212,14.7476
36.300,640.000000,550,213,18.3840
36.400,512.000000,550,214,16.8487
36.500,512.000000,550,214,10.3434
36.600,512.000000,550,214,10.3434
36.700,512.000000,550,214,10.3434
36.800,512.000000,550,214,10.3434
36.900,512.000000,550,214,10.3434
37.000,460.800000,550,214,9.3091
37.100,460.800000,550,214,9.3091
37.200,460.800000,550,214,9.3091
37.300,460.800000,550,214,9.3091
37.400,460.800000,550,214,9.3091
37.500,460.800000,550,214,9.3091
37.600,460.800000,550,214,9.3091
37.700,506.880000,550,214,10.2400
37.800,506.880000,550,214,10.2400
37.900,506.880000,550,214,10.2400
38.000,506.880000,550,214,10.2400
38.100,506.880000,550,214,10.2400
38.200,506.880000,550,214,10.2400
38.300,506.880000,550,214,10.2400
38.400,506.880000,550,214,10.2400
38.500,608.256000,550,214,15.8187
38.600,608.256000,550,215,14.6418
38.700,608.256000,550,216,13.4649
38.800,608.256000,550,217,12.2880
38.900,608.256000,550,218,10.5920
39.000,547.430400,550,218,19.2455
39.100,547.430400,550,218,18.7783
39.200,547.430400,550,218,18.3111
39.300,547.430400,550,218,17.8439
39.400,547.430400,550,218,17.3767
39.500,547.430400,550,218,16.9095
39.600,547.430400,550,218,16.4423
39.700,547.430400,550,218,15.9751
39.800,547.430400,550,218,15.5079
39.900,547.430400,550,218,15.0407
40.000,547.430400,550,218,14.5735
40.100,547.430400,550,218,14.1063
40.200,547.430400,550,218,13.6391
40.300,602.173440,550,218,16.4897
40.400,602.173440,550,219,14.2731
40.500,602.173440,550,220,12.1651
40.600,602.173440,550,220,21.6512
40.700,602.173440,550,221,19.5432
40.800,541.956096,550,222,16.2187
40.900,541.956096,550,222,14.7566
41.000,541.956096,550,222,13.2945
41.100,541.956096,550,222,11.8324
41.200,541.956096,550,222,10.9487
41.300,541.956096,550,222,10.9487
41.400,487.760486,550,222,9.8538
41.500,487.760486,550,222,9.8538
41.600,487.760486,550,222,9.8538
41.700,487.760486,550,222,9.8538
41.800,487.760486,550,222,9.8538
41.900,487.760486,550,222,9.8538
42.000,487.760486,550,222,9.8538
42.100,536.536534,550,222,10.8392
42.200,536.536534,550,222,10.8392
42.300,536.536534,550,222,10.8392
42.400,536.536534,550,222,10.8392
42.500,536.536534,550,222,10.8392
42.600,536.536534,550,222,10.8392
42.700,536.536534,550,222,10.8392
42.800,536.536534,550,222,10.8392
42.900,643.843840,550,222,16.7986
43.000,643.843840,550,224,9.4792
43.100,643.843840,550,225,16.7986
43.200,643.843840,550,227,9.4792
43.300,643.843840,550,228,16.7986
43.400,515.075072,550,229,19.8848
43.500,515.075072,550,229,13.5351
43.600,515.075072,550,229,10.4056
43.700,515.075072,550,229,10.4056
43.800,515.075072,550,229,10.4056
43.900,515.075072,550,229,10.4056
44.000,463.567564,550,229,9.3650
44.100,463.567564,550,229,9.3650
44.200,463.567564,550,229,9.3650
44.300,463.567564,550,229,9.3650
44.400,463.567564,550,229,9.3650
44.500,463.567564,550,229,9.3650
44.600,463.567564,550,229,9.3650
44.700,482.882880,550,229,9.7552
44.800,482.882880,550,229,9.7552
44.900,482.882880,550,229,9.7552
45.000,482.882880,550,229,9.7552
45.100,482.882880,550,229,9.7552
45.200,482.882880,550,229,9.7552
45.300,482.882880,550,229,9.7552
45.400,482.882880,550,229,9.7552
45.500,579.459456,550,229,12.8967
45.600,579.459456,550,229,18.2534
45.700,579.459456,550,230,12.3015
45.800,579.459456,550,230,17.6582
45.900,579.459456,550,231,11.7063
46.000,521.513510,550,231,15.8924
46.100,521.513510,550,231,10.7135
46.200,521.513510,550,231,10.5357
46.300,521.513510,550,231,10.5357
46.400,521.513510,550,231,10.5357
46.500,521.513510,550,231,10.5357
46.600,521.513510,550,231,10.5357
46.700,521.513510,550,231,10.5357
46.800,573.664861,550,231,12.5455
46.900,573.664861,550,231,16.8486
47.000,573.664861,550,231,21.1517
47.100,573.664861,550,232,13.9799
47.200,573.664861,550,232,18.2830
47.300,516.298374,550,232,21.4272
47.400,516.298374,550,232,15.3000
47.500,516.298374,550,232,10.4303
47.600,516.298374,550,232,10.4303
47.700,516.298374,550,232,10.4303
47.800,516.298374,550,232,10.4303
47.900,516.298374,550,232,10.4303
48.000,516.298374,550,232,10.4303
48.100,567.928211,550,232,12.1978
48.200,567.928211,550,232,15.4578
48.300,567.928211,550,232,18.7179
48.400,567.928211,550,232,21.9779
48.500,567.928211,550,233,14.0089
48.600,567.928211,550,233,17.2690
48.700,567.928211,550,233,20.5290
48.800,567.928211,550,234,12.5600
48.900,511.135389,550,234,10.3260
49.000,511.135389,550,234,10.3260
49.100,511.135389,550,234,10.3260
49.200,511.135389,550,234,10.3260
49.300,511.135389,550,234,10.3260
49.400,511.135389,550,234,10.3260
49.500,511.135389,550,234,10.3260
49.600,511.135389,550,234,10.3260
49.700,562.248927,550,234,12.8436
49.800,562.248927,550,234,15.0710
49.900,562.248927,550,234,17.2984
50.000,562.248927,550,234,19.5259
50.100,562.248927,550,234,21.7533
50.200,562.248927,550,235,12.8436
50.300,562.248927,550,235,15.0710
50.400,562.248927,550,235,17.2984
50.500,506.024034,550,235,10.2227
50.600,506.024034,550,235,10.2227
50.700,506.024034,550,235,10.2227
50.800,506.024034,550,235,10.2227
50.900,506.024034,550,235,10.2227
51.000,506.024034,550,235,10.2227
51.100,506.024034,550,235,10.2227
51.200,556.626437,550,235,11.3790
51.300,556.626437,550,235,12.5842
51.400,556.626437,550,235,13.7895
51.500,556.626437,550,235,14.9948
51.600,556.626437,550,235,16.2001
51.700,556.626437,550,235,17.4054
51.800,556.626437,550,235,18.6107
51.900,556.626437,550,235,19.8160
52.000,667.951724,550,236,18.2598
52.100,667.951724,550,238,15.8769
52.200,667.951724,550,240,13.4940
52.300,667.951724,550,242,9.5315
52.400,667.951724,550,243,20.6426
52.500,534.361379,550,245,12.8622
52.600,534.361379,550,245,10.7952
52.700,534.361379,550,245,10.7952
52.800,534.361379,550,245,10.7952
52.900,534.361379,550,245,10.7952
53.000,534.361379,550,245,10.7952
53.100,480.925241,550,245,9.7157
53.200,480.925241,550,245,9.7157
53.300,480.925241,550,245,9.7157
53.400,480.925241,550,245,9.7157
53.500,480.925241,550,245,9.7157
53.600,480.925241,550,245,9.7157
53.700,480.925241,550,245,9.7157
53.800,500.963793,550,245,10.1205
53.900,500.963793,550,245,10.1205
54.000,500.963793,550,245,10.1205
54.100,500.963793,550,245,10.1205
54.200,500.963793,550,245,10.1205
54.300,500.963793,550,245,10.1205
54.400,500.963793,550,245,10.1205
54.500,500.963793,550,245,10.1205
54.600,601.156551,550,245,15.2450
54.700,601.156551,550,246,13.1781
54.800,601.156551,550,247,10.3347
54.900,601.156551,550,247,20.4123
55.000,601.156551,550,248,18.3454
55.100,541.040895,550,249,13.8496
55.200,541.040895,550,249,12.2210
55.300,541.040895,550,249,10.9302
55.400,541.040895,550,249,10.9302
55.500,541.040895,550,249,10.9302
55.600,541.040895,550,249,10.9302
55.700,486.936805,550,249,9.8371
55.800,486.936805,550,249,9.8371
55.900,486.936805,550,249,9.8371
56.000,486.936805,550,249,9.8371
56.100,486.936805,550,249,9.8371
56.200,486.936805,550,249,9.8371
56.300,486.936805,550,249,9.8371
56.400,535.630485,550,249,10.8208
56.500,535.630485,550,249,10.8208
56.600,535.630485,550,249,10.8208
56.700,535.630485,550,249,10.8208
56.800,535.630485,550,249,10.8208
56.900,535.630485,550,249,10.8208
57.000,535.630485,550,249,10.8208
57.100,535.630485,550,249,10.8208
57.200,642.756582,550,249,18.6067
57.300,642.756582,550,251,12.9850
57.400,642.756582,550,252,18.6067
57.500,642.756582,550,254,12.9850
57.600,642.756582,550,255,18.6067
57.700,514.205265,550,256,19.0345
57.800,514.205265,550,256,12.5266
57.900,514.205265,550,256,10.3880
58.000,514.205265,550,256,10.3880
58.100,514.205265,550,256,10.3880
58.200,514.205265,550,256,10.3880
58.300,462.784738,550,256,9.3492
58.400,462.784738,550,256,9.3492
58.500,462.784738,550,256,9.3492
58.600,462.784738,550,256,9.3492
58.700,462.784738,550,256,9.3492
58.800,462.784738,550,256,9.3492
58.900,462.784738,550,256,9.3492
59.000,482.067436,550,256,9.7388
59.100,482.067436,550,256,9.7388
59.200,482.067436,550,256,9.7388
59.300,482.067436,550,256,9.7388
59.400,482.067436,550,256,9.7388
59.500,482.067436,550,256,9.7388
59.600,482.067436,550,256,9.7388
59.700,482.067436,550,256,9.7388
59.800,578.480923,550,256,13.4127
59.900,578.480923,550,256,18.5914
60.000,578.480923,550,257,12.2619
60.100,578.480923,550,257,17.4406
60.200,578.480923,550,258,10.9327
60.300,520.632830,550,258,13.9525
60.400,520.632830,550,258,10.5179
60.500,520.632830,550,258,10.5179
60.600,520.632830,550,258,10.5179
60.700,520.632830,550,258,10.5179
60.800,520.632830,550,258,10.5179
60.900,520.632830,550,258,10.5179
61.000,520.632830,550,258,10.5179
61.100,572.696113,550,258,12.9452
61.200,572.696113,550,258,17.0718
61.300,572.696113,550,258,21.1985
61.400,572.696113,550,259,13.8622
61.500,572.696113,550,259,17.9889
61.600,515.426501,550,259,19.8017
61.700,515.426501,550,259,13.5158
61.800,515.426501,550,259,10.4127
61.900,515.426501,550,259,10.4127
62.000,515.426501,550,259,10.4127
62.100,515.426501,550,259,10.4127
62.200,515.426501,550,259,10.4127
62.300,515.426501,550,259,10.4127
62.400,566.969151,550,259,12.4825
62.500,566.969151,550,259,15.5682
62.600,566.969151,550,259,18.6539
62.700,566.969151,550,259,21.7395
62.800,566.969151,550,260,13.5111
62.900,566.969151,550,260,16.5968
63.000,566.969151,550,260,19.6824
63.100,566.969151,550,261,11.4540
63.200,510.272235,550,261,10.3085
63.300,510.272235,550,261,10.3085
63.400,510.272235,550,261,10.3085
63.500,510.272235,550,261,10.3085
63.600,510.272235,550,261,10.3085
63.700,459.245011,550,261,9.2777
63.800,459.245011,550,261,9.2777
63.900,459.245011,550,261,9.2777
64.000,459.245011,550,261,9.2777
64.100,459.245011,550,261,9.2777
64.200,459.245011,550,261,9.2777
64.300,459.245011,550,261,9.2777
64.400,459.245011,550,261,9.2777
64.500,505.169512,550,261,10.2055
64.600,505.169512,550,261,10.2055
64.700,505.169512,550,261,10.2055
64.800,505.169512,550,261,10.2055
64.900,505.169512,550,261,10.2055
65.000,505.169512,550,261,10.2055
65.100,505.169512,550,261,10.2055
65.200,505.169512,550,261,10.2055
65.300,606.203414,550,261,20.1948
65.400,606.203414,550,262,19.0594
65.500,606.203414,550,263,17.9239
65.600,606.203414,550,264,16.7884
65.700,606.203414,550,265,15.6530
65.800,545.583072,550,265,18.5241
65.900,545.583072,550,265,17.7213
66.000,545.583072,550,265,16.9184
66.100,545.583072,550,265,16.1156
66.200,545.583072,550,265,15.3127
66.300,545.583072,550,265,14.5099
66.400,545.583072,550,265,13.7070
66.500,545.583072,550,265,12.9042
66.600,545.583072,550,265,12.1013
66.700,545.583072,550,265,11.2985
66.800,545.583072,550,265,11.0219
66.900,545.583072,550,265,11.0219
67.000,545.583072,550,265,11.0219
67.100,600.141379,550,265,18.2020
67.200,600.141379,550,266,16.1761
67.300,600.141379,550,267,14.1501
67.400,600.141379,550,268,12.1241
67.500,600.141379,550,268,21.2410
67.600,540.127241,550,269,13.1531
67.700,540.127241,550,269,11.3585
67.800,540.127241,550,269,10.9117
67.900,540.127241,550,269,10.9117
68.000,540.127241,550,269,10.9117
68.100,486.114516,550,269,9.8205
68.200,486.114516,550,269,9.8205
68.300,486.114516,550,269,9.8205
68.400,486.114516,550,269,9.8205
68.500,486.114516,550,269,9.8205
68.600,486.114516,550,269,9.8205
68.700,486.114516,550,269,9.8205
68.800,486.114516,550,269,9.8205
68.900,534.725967,550,269,10.8026
69.000,534.725967,550,269,10.8026
69.100,534.725967,550,269,10.8026
69.200,534.725967,550,269,10.8026
69.300,534.725967,550,269,10.8026
69.400,534.725967,550,269,10.8026
69.500,534.725967,550,269,10.8026
69.600,534.725967,550,269,10.8026
69.700,641.671160,550,270,12.9631
69.800,641.671160,550,271,18.5190
69.900,641.671160,550,273,12.9631
70.000,641.671160,1000,274,7.1297
70.100,641.671160,1000,274,7.1297
70.200,513.336928,1000,274,5.7037
70.300,513.336928,1000,274,5.7037
70.400,513.336928,1000,274,5.7037
70.500,513.336928,1000,274,5.7037
70.600,513.336928,1000,274,5.7037
70.700,513.336928,1000,274,5.7037
70.800,513.336928,1000,274,5.7037
70.900,513.336928,1000,274,5.7037
71.000,564.670620,1000,274,6.2741
71.100,564.670620,1000,274,6.2741
71.200,564.670620,1000,274,6.2741
71.300,564.670620,1000,274,6.2741
71.400,564.670620,1000,274,6.2741
71.500,564.670620,1000,274,6.2741
71.600,564.670620,1000,274,6.2741
71.700,564.670620,1000,274,6.2741
71.800,641.671160,1000,274,7.1297
71.900,641.671160,1000,274,7.1297
72.000,641.671160,1000,274,7.1297
72.100,641.671160,1000,274,7.1297
72.200,641.671160,1000,274,7.1297
72.300,641.671160,1000,274,7.1297
72.400,641.671160,1000,274,7.1297
72.500,866.256066,1000,274,9.6251
72.600,866.256066,1000,274,9.6251
72.700,866.256066,1000,274,9.6251
72.800,866.256066,1000,274,9.6251
72.900,866.256066,1000,274,9.6251
73.000,866.256066,1000,274,9.6251
73.100,866.256066,1000,274,9.6251
73.200,866.256066,1000,274,9.6251
73.300,1000.000000,1000,274,11.1112
73.400,1000.000000,1000,274,11.1114
73.500,1000.000000,1000,274,11.1117
73.600,1000.000000,1000,274,11.1119
73.700,1000.000000,1000,274,11.1121
73.800,1000.000000,1000,274,11.1123
73.900,1000.000000,1000,274,11.1126
74.000,1000.000000,1000,274,11.1128
74.100,1000.000000,1000,274,11.1130
74.200,1000.000000,1000,274,11.1132
74.300,1000.000000,1000,274,11.1135
74.400,1000.000000,1000,274,11.1137
74.500,1000.000000,1000,274,11.1139
74.600,1000.000000,1000,274,11.1141
74.700,1000.000000,1000,274,11.1143
74.800,1000.000000,1000,274,11.1146
74.900,1000.000000,1000,274,11.1148
75.000,1000.000000,1000,274,11.1150
75.100,1000.000000,1000,274,11.1152
75.200,1000.000000,1000,274,11.1155
75.300,1000.000000,1000,274,11.1157
75.400,1000.000000,1000,274,11.1159
75.500,1000.000000,1000,274,11.1161
75.600,1000.000000,1000,274,11.1164
75.700,1000.000000,1000,274,11.1166
75.800,1000.000000,1000,274,11.1168
75.900,1000.000000,1000,274,11.1170
76.000,1000.000000,1000,274,11.1173
76.100,1000.000000,1000,274,11.1175
76.200,1000.000000,1000,274,11.1177
76.300,1000.000000,1000,274,11.1179
76.400,1000.000000,1000,274,11.1182
76.500,1000.000000,1000,274,11.1184
76.600,1000.000000,1000,274,11.1186
76.700,1000.000000,1000,274,11.1188
76.800,1000.000000,1000,274,11.1191
76.900,1000.000000,1000,274,11.1193
77.000,1000.000000,1000,274,11.1195
77.100,1000.000000,1000,274,11.1197
77.200,1000.000000,1000,274,11.1199
77.300,1000.000000,1000,274,11.1202
77.400,1000.000000,1000,274,11.1204
77.500,1000.000000,1000,274,11.1206
77.600,1000.000000,1000,274,11.1208
77.700,1000.000000,1000,274,11.1211
77.800,1000.000000,1000,274,11.1213
77.900,1000.000000,1000,274,11.1215
78.000,1000.000000,1000,274,11.1217
78.100,1000.000000,1000,274,11.1220
78.200,1000.000000,1000,274,11.1222
78.300,1000.000000,1000,274,11.1224
78.400,1000.000000,1000,274,11.1226
78.500,1000.000000,1000,274,11.1229
78.600,1000.000000,1000,274,11.1231
78.700,1000.000000,1000,274,11.1233
78.800,1000.000000,1000,274,11.1235
78.900,1000.000000,1000,274,11.1238
79.000,1000.000000,1000,274,11.1240
79.100,1000.000000,1000,274,11.1242
79.200,1000.000000,1000,274,11.1244
79.300,1000.000000,1000,274,11.1247
79.400,1000.000000,1000,274,11.1249
79.500,1000.000000,1000,274,11.1251
79.600,1000.000000,1000,274,11.1253
79.700,1000.000000,1000,274,11.1255
79.800,1000.000000,1000,274,11.1258
79.900,1000.000000,1000,274,11.1260
80.000,1000.000000,1000,274,11.1262
80.100,1000.000000,1000,274,11.1264
80.200,1000.000000,1000,274,11.1267
80.300,1000.000000,1000,274,11.1269
80.400,1000.000000,1000,274,11.1271
80.500,1000.000000,1000,274,11.1273
80.600,1000.000000,1000,274,11.1276
80.700,1000.000000,1000,274,11.1278
80.800,1000.000000,1000,274,11.1280
80.900,1000.000000,1000,274,11.1282
81.000,1000.000000,1000,274,11.1285
81.100,1000.000000,1000,274,11.1287
81.200,1000.000000,1000,274,11.1289
81.300,1000.000000,1000,274,11.1291
81.400,1000.000000,1000,274,11.1294
81.500,1000.000000,1000,274,11.1296
81.600,1000.000000,1000,274,11.1298
81.700,1000.000000,1000,274,11.1300
81.800,1000.000000,1000,274,11.1303
81.900,1000.000000,1000,274,11.1305
82.000,1000.000000,1000,274,11.1307
82.100,1000.000000,1000,274,11.1309
82.200,1000.000000,1000,274,11.1311
82.300,1000.000000,1000,274,11.1314
82.400,1000.000000,1000,274,11.1316
82.500,1000.000000,1000,274,11.1318
82.600,1000.000000,1000,274,11.1320
82.700,1000.000000,1000,274,11.1323
82.800,1000.000000,1000,274,11.1325
82.900,1000.000000,1000,274,11.1327
83.000,1000.000000,1000,274,11.1329
83.100,1000.000000,1000,274,11.1332
83.200,1000.000000,1000,274,11.1334
83.300,1000.000000,1000,274,11.1336
83.400,1000.000000,1000,274,11.1338
83.500,1000.000000,1000,274,11.1341
83.600,1000.000000,1000,274,11.1343
83.700,1000.000000,1000,274,11.1345
83.800,1000.000000,1000,274,11.1347
83.900,1000.000000,1000,274,11.1350
84.000,1000.000000,1000,274,11.1352
84.100,1000.000000,1000,274,11.1354
84.200,1000.000000,1000,274,11.1356
84.300,1000.000000,1000,274,11.1359
84.400,1000.000000,1000,274,11.1361
84.500,1000.000000,1000,274,11.1363
84.600,1000.000000,1000,274,11.1365
84.700,1000.000000,1000,274,11.1367
84.800,1000.000000,1000,274,11.1370
84.900,1000.000000,1000,274,11.1372
85.000,1000.000000,1000,274,11.1374
85.100,1000.000000,1000,274,11.1376
85.200,1000.000000,1000,274,11.1379
85.300,1000.000000,1000,274,11.1381
85.400,1000.000000,1000,274,11.1383
85.500,1000.000000,1000,274,11.1385
85.600,1000.000000,1000,274,11.1388
85.700,1000.000000,1000,274,11.1390
85.800,1000.000000,1000,274,11.1392
85.900,1000.000000,1000,274,11.1394
86.000,1000.000000,1000,274,11.1397
86.100,1000.000000,1000,274,11.1399
86.200,1000.000000,1000,274,11.1401
86.300,1000.000000,1000,274,11.1403
86.400,1000.000000,1000,274,11.1406
86.500,1000.000000,1000,274,11.1408
86.600,1000.000000,1000,274,11.1410
86.700,1000.000000,1000,274,11.1412
86.800,1000.000000,1000,274,11.1415
86.900,1000.000000,1000,274,11.1417
87.000,1000.000000,1000,274,11.1419
87.100,1000.000000,1000,274,11.1421
87.200,1000.000000,1000,274,11.1423
87.300,1000.000000,1000,274,11.1426
87.400,1000.000000,1000,274,11.1428
87.500,1000.000000,1000,274,11.1430
87.600,1000.000000,1000,274,11.1432
87.700,1000.000000,1000,274,11.1435
87.800,1000.000000,1000,274,11.1437
87.900,1000.000000,1000,274,11.1439
88.000,1000.000000,1000,274,11.1441
88.100,1000.000000,1000,274,11.1444
88.200,1000.000000,1000,274,11.1446
88.300,1000.000000,1000,274,11.1448
88.400,1000.000000,1000,274,11.1450
88.500,1000.000000,1000,274,11.1453
88.600,1000.000000,1000,274,11.1455
88.700,1000.000000,1000,274,11.1457
88.800,1000.000000,1000,274,11.1459
88.900,1000.000000,1000,274,11.1462
89.000,1000.000000,1000,274,11.1464
89.100,1000.000000,1000,274,11.1466
89.200,1000.000000,1000,274,11.1468
89.300,1000.000000,1000,274,11.1471
89.400,1000.000000,1000,274,11.1473
89.500,1000.000000,1000,274,11.1475
89.600,1000.000000,1000,274,11.1477
89.700,1000.000000,1000,274,11.1479
89.800,1000.000000,1000,274,11.1482
89.900,1000.000000,1000,274,11.1484
90.000,1000.000000,1000,274,11.1486
90.100,1000.000000,1000,274,11.1488
90.200,1000.000000,1000,274,11.1491
90.300,1000.000000,1000,274,11.1493
90.400,1000.000000,1000,274,11.1495
90.500,1000.000000,1000,274,11.1497
90.600,1000.000000,1000,274,11.1500
90.700,1000.000000,1000,274,11.1502
90.800,1000.000000,1000,274,11.1504
90.900,1000.000000,1000,274,11.1506
91.000,1000.000000,1000,274,11.1509
91.100,1000.000000,1000,274,11.1511
91.200,1000.000000,1000,274,11.1513
91.300,1000.000000,1000,274,11.1515
91.400,1000.000000,1000,274,11.1518
91.500,1000.000000,1000,274,11.1520
91.600,1000.000000,1000,274,11.1522
91.700,1000.000000,1000,274,11.1524
91.800,1000.000000,1000,274,11.1527
91.900,1000.000000,1000,274,11.1529
92.000,1000.000000,1000,274,11.1531
92.100,1000.000000,1000,274,11.1533
92.200,1000.000000,1000,274,11.1535
92.300,1000.000000,1000,274,11.1538
92.400,1000.000000,1000,274,11.1540
92.500,1000.000000,1000,274,11.1542
92.600,1000.000000,1000,274,11.1544
92.700,1000.000000,1000,274,11.1547
92.800,1000.000000,1000,274,11.1549
92.900,1000.000000,1000,274,11.1551
93.000,1000.000000,1000,274,11.1553
93.100,1000.000000,1000,274,11.1556
93.200,1000.000000,1000,274,11.1558
93.300,1000.000000,1000,274,11.1560
93.400,1000.000000,1000,274,11.1562
93.500,1000.000000,1000,274,11.1565
93.600,1000.000000,1000,274,11.1567
93.700,1000.000000,1000,274,11.1569
93.800,1000.000000,1000,274,11.1571
93.900,1000.000000,1000,274,11.1574
94.000,1000.000000,1000,274,11.1576
94.100,1000.000000,1000,274,11.1578
94.200,1000.000000,1000,274,11.1580
94.300,1000.000000,1000,274,11.1583
94.400,1000.000000,1000,274,11.1585
94.500,1000.000000,1000,274,11.1587
94.600,1000.000000,1000,274,11.1589
94.700,1000.000000,1000,274,11.1591
94.800,1000.000000,1000,274,11.1594
94.900,1000.000000,1000,274,11.1596
95.000,1000.000000,1000,274,11.1598
95.100,1000.000000,1000,274,11.1600
95.200,1000.000000,1000,274,11.1603
95.300,1000.000000,1000,274,11.1605
95.400,1000.000000,1000,274,11.1607
95.500,1000.000000,1000,274,11.1609
95.600,1000.000000,1000,274,11.1612
95.700,1000.000000,1000,274,11.1614
95.800,1000.000000,1000,274,11.1616
95.900,1000.000000,1000,274,11.1618
96.000,1000.000000,1000,274,11.1621
96.100,1000.000000,1000,274,11.1623
96.200,1000.000000,1000,274,11.1625
96.300,1000.000000,1000,274,11.1627
96.400,1000.000000,1000,274,11.1630
96.500,1000.000000,1000,274,11.1632
96.600,1000.000000,1000,274,11.1634
96.700,1000.000000,1000,274,11.1636
96.800,1000.000000,1000,274,11.1639
96.900,1000.000000,1000,274,11.1641
97.000,1000.000000,1000,274,11.1643
97.100,1000.000000,1000,274,11.1645
97.200,1000.000000,1000,274,11.1647
97.300,1000.000000,1000,274,11.1650
97.400,1000.000000,1000,274,11.1652
97.500,1000.000000,1000,274,11.1654
97.600,1000.000000,1000,274,11.1656
97.700,1000.000000,1000,274,11.1659
97.800,1000.000000,1000,274,11.1661
97.900,1000.000000,1000,274,11.1663
98.000,1000.000000,1000,274,11.1665
98.100,1000.000000,1000,274,11.1668
98.200,1000.000000,1000,274,11.1670
98.300,1000.000000,1000,274,11.1672
98.400,1000.000000,1000,274,11.1674
98.500,1000.000000,1000,274,11.1677
98.600,1000.000000,1000,274,11.1679
98.700,1000.000000,1000,274,11.1681
98.800,1000.000000,1000,274,11.1683
98.900,1000.000000,1000,274,11.1686
99.000,1000.000000,1000,274,11.1688
99.100,1000.000000,1000,274,11.1690
99.200,1000.000000,1000,274,11.1692
99.300,1000.000000,1000,274,11.1695
99.400,1000.000000,1000,274,11.1697
99.500,1000.000000,1000,274,11.1699
99.600,1000.000000,1000,274,11.1701
99.700,1000.000000,1000,274,11.1703
99.800,1000.000000,1000,274,11.1706
99.900,1000.000000,1000,274,11.1708
