frame,render_index,decode_ms,render_ms,total_ms
0,0,690.937,70.6342,761.572
1,0,78.7298,6.66984,85.3997
2,0,0.378229,4.8474,5.22562
3,0,0.365417,5.46849,5.83391
4,0,0.364531,5.59448,5.95901
5,0,0.355,4.85448,5.20948
6,0,0.398282,8.27812,8.67641
7,0,0.53974,4.37521,4.91495
8,0,0.364688,7.00958,7.37427
9,0,0.345417,5.05427,5.39969
10,0,0.584583,8.29375,8.87833
11,0,0.3825,4.66464,5.04714
12,0,0.311198,6.64078,6.95198
13,0,0.424427,6.6076,7.03203
14,0,0.405,6.05068,6.45568
15,0,0.431406,3.4201,3.85151
16,0,0.465052,7.2038,7.66885
17,0,0.325365,4.5475,4.87287
18,0,0.348282,4.37755,4.72583
19,0,0.350677,7.39693,7.7476
20,0,0.831927,4.20302,5.03495
21,0,0.452552,7.33698,7.78953
22,0,0.516927,3.5449,4.06182
23,0,0.436719,3.82047,4.25719
24,0,0.497761,7.5,7.99776
25,0,0.350469,4.11146,4.46193
26,0,0.398333,4.51792,4.91625
27,0,0.402917,7.54234,7.94526
28,0,0.377344,3.3524,3.72974
29,0,0.415364,7.48656,7.90193
30,0,0.41125,3.76641,4.17766
31,0,0.485052,5.59146,6.07651
32,0,0.398437,5.86484,6.26328
33,0,0.391771,4.71167,5.10344
34,0,0.511928,6.73339,7.24531
35,0,0.3625,3.22271,3.58521
36,0,0.339947,5.87172,6.21167
37,0,0.616406,5.74,6.35641
38,0,0.367552,5.98813,6.35568
39,0,0.385521,5.8824,6.26792
40,0,0.363698,3.42083,3.78453
41,0,0.734896,7.3376,8.0725
42,0,0.396355,3.85198,4.24833
43,0,0.33,6.02714,6.35714
44,0,0.457552,5.77787,6.23542
45,0,0.318333,4.52912,4.84745
46,0,0.449427,7.0187,7.46812
47,0,0.334479,3.6076,3.94208
48,0,1.08646,5.41651,6.50297
49,0,0.43573,5.6451,6.08083
50,0,0.41224,6.04479,6.45703
51,0,0.470625,5.7901,6.26073
52,0,0.348959,4.5226,4.87156
53,0,0.401198,7.44234,7.84354
54,0,0.815469,3.57781,4.39328
55,0,0.482136,5.08333,5.56547
56,0,0.39849,6.01578,6.41427
57,0,0.454635,6.10521,6.55984
58,0,0.522604,5.72766,6.25026
59,0,0.353594,4.48526,4.83885
60,0,0.376718,6.96344,7.34016
61,0,0.402031,3.66729,4.06932
62,0,1.02026,5.29068,6.31094
63,0,0.3825,6.065,6.4475
64,0,0.44302,5.54021,5.98323
65,0,0.423333,5.81797,6.2413
66,0,0.351406,4.64417,4.99557
67,0,0.399688,6.27922,6.67891
68,0,0.415625,3.77219,4.18781
69,0,0.373125,5.65359,6.02672
70,0,0.389947,6.06052,6.45047
71,0,0.411458,4.61052,5.02198
72,0,0.45349,7.24104,7.69453
73,0,0.355677,3.44495,3.80063
74,0,0.348282,5.48427,5.83255
75,0,0.480052,5.85281,6.33286
76,0,0.325938,6.25755,6.58349
77,0,0.565,5.9274,6.4924
78,0,0.423334,4.56385,4.98719
79,0,0.40651,6.96896,7.37547
80,0,0.342812,3.31406,3.65687
81,0,0.452761,5.90437,6.35714
82,0,0.445,6.0625,6.5075
83,0,0.357969,5.54453,5.9025
84,0,0.476146,6.04318,6.51932
85,0,0.381354,4.62474,5.00609
86,0,0.730833,6.66365,7.39448
87,0,0.362917,3.57776,3.94068
88,0,0.325521,5.94937,6.2749
89,0,0.474375,5.72031,6.19469
90,0,0.343125,5.7851,6.12823
91,0,0.754375,6.07714,6.83151
92,0,0.338855,4.51693,4.85578
93,0,0.666666,7.07698,7.74365
94,0,0.354635,3.22083,3.57547
95,0,0.337656,5.85656,6.19422
96,0,0.53375,5.74687,6.28062
97,0,0.325261,5.96141,6.28667
98,0,0.532396,5.77026,6.30266
99,0,0.35349,3.24276,3.59625
100,0,0.440261,5.10964,5.5499
101,0,0.401459,5.89771,6.29917
102,0,0.473125,6.00885,6.48198
103,0,0.425209,5.85995,6.28516
104,0,0.355833,5.22797,5.5838
105,0,0.55099,6.60031,7.1513
106,0,0.366615,3.55927,3.92589
107,0,0.913646,5.09,6.00365
108,0,0.391458,5.92031,6.31177
109,0,0.400468,5.70099,6.10146
110,0,0.40599,6.06776,6.47375
111,0,0.390677,5.23203,5.62271
112,0,0.546302,3.67276,4.21906
113,0,0.372343,7.04422,7.41656
114,0,0.416146,4.97234,5.38849
115,0,0.662083,5.66411,6.3262
116,0,0.40901,5.64479,6.0538
117,0,0.506875,6.29016,6.79703
118,0,0.416042,4.73057,5.14661
119,0,0.751563,6.8451,7.59667
120,0,0.364531,3.46839,3.83292
121,0,0.856875,5.39385,6.25073
122,0,0.402344,5.82963,6.23198
123,0,0.435104,5.72693,6.16203
124,0,0.402084,6.13786,6.53995
125,0,0.429062,6.00417,6.43323
126,0,0.407553,5.86266,6.27021
127,0,0.345938,3.37984,3.72578
128,0,0.849792,5.0224,5.87219
129,0,0.568906,5.76,6.32891
130,0,0.36625,5.66234,6.02859
131,0,0.406875,6.02177,6.42865
132,0,0.391302,4.56536,4.95667
133,0,0.380157,4.52677,4.90693
134,0,0.397084,5.69078,6.08786
135,0,0.330469,5.79609,6.12656
136,0,0.611771,5.37339,5.98516
137,0,0.365208,4.53891,4.90411
138,0,0.488178,7.1512,7.63938
139,0,0.374739,3.45412,3.82885
140,0,0.304896,5.9588,6.2637
141,0,0.392396,5.90984,6.30224
142,0,0.342344,5.82443,6.16677
143,0,0.466615,5.79781,6.26443
144,0,0.358125,4.64391,5.00203
145,0,0.521094,4.21292,4.73401
146,0,0.457136,6.07135,6.52849
147,0,0.345156,5.55537,5.90052
148,0,0.405365,5.8187,6.22406
149,0,0.34349,5.89328,6.23677
150,0,0.531198,5.84849,6.37969
151,0,0.32974,4.86614,5.19588
152,0,0.416719,4.87458,5.2913
153,0,0.503125,5.8375,6.34063
154,0,0.346458,5.70427,6.05073
155,0,0.392084,6.29156,6.68365
156,0,0.553177,5.46505,6.01823
157,0,0.490468,5.78464,6.2751
158,0,0.327864,3.35667,3.68453
159,0,0.728073,5.33286,6.06094
160,0,0.50026,5.85755,6.35781
161,0,0.297916,5.72698,6.02489
162,0,0.399739,5.84156,6.2413
163,0,1.12427,4.11224,5.23651
164,0,0.464375,6.67776,7.14214
165,0,0.343646,3.48469,3.82833
166,0,1.29078,5.47328,6.76406
167,0,0.411198,5.81281,6.22401
168,0,0.342135,5.73443,6.07656
169,0,0.525834,5.72781,6.25365
170,0,0.502135,4.66172,5.16385
171,0,0.414167,7.05922,7.47339
172,0,0.388073,3.76953,4.1576
173,0,0.563438,5.39583,5.95927
174,0,0.382604,6.08036,6.46297
175,0,0.293802,6.66604,6.95984
176,0,0.390989,5.90099,6.29198
177,0,0.335156,5.59427,5.92943
178,0,0.38401,5.93161,6.31562
179,0,0.530052,3.41104,3.94109
180,0,0.631979,5.25188,5.88385
181,0,0.362916,6.33203,6.69495
182,0,0.288594,5.66531,5.95391
183,0,0.392083,5.98401,6.37609
184,0,0.355572,4.56625,4.92182
185,0,0.398698,6.42021,6.81891
186,0,0.479271,3.49125,3.97052
187,0,0.358594,5.94135,6.29995
188,0,0.348854,5.8487,6.19755
189,0,0.294063,5.86781,6.16188
190,0,0.467396,5.89995,6.36734
191,0,0.355052,3.34594,3.70099
192,0,0.310729,5.43229,5.74302
193,0,0.488802,6.00641,6.49521
194,0,0.354844,5.72208,6.07693
195,0,0.33224,5.99812,6.33036
196,0,0.319791,4.55396,4.87375
197,0,0.334114,4.65198,4.98609
198,0,0.381875,5.6762,6.05807
199,0,0.309844,5.6,5.90984
200,0,0.455573,6.3037,6.75927
201,0,0.371458,5.71828,6.08974
202,0,0.389271,5.9301,6.31937
203,0,0.330677,3.33349,3.66417
204,0,0.309948,5.98828,6.29823
205,0,0.464792,5.78193,6.24672
206,0,0.345208,5.88542,6.23062
207,0,0.634062,5.72589,6.35995
208,0,0.347708,4.7526,5.10031
209,0,0.466094,6.67036,7.13646
210,0,0.350938,3.63641,3.98734
211,0,0.419739,5.47667,5.89641
212,0,0.388542,5.87276,6.2613
213,0,0.305313,5.98849,6.2938
214,0,0.459115,5.8399,6.29901
215,0,0.346719,4.82568,5.1724
216,0,0.736666,4.38068,5.11734
217,0,0.468229,5.76479,6.23302
218,0,0.438177,5.77813,6.2163
219,0,0.404844,6.27563,6.68047
220,0,0.401771,5.65031,6.05208
221,0,0.49151,5.77953,6.27104
222,0,0.34151,3.29625,3.63776
223,0,0.345729,5.43151,5.77724
224,0,0.386042,5.98667,6.37271
225,0,0.35401,5.72646,6.08047
226,0,0.419896,6.80943,7.22932
227,0,0.445469,5.75276,6.19823
228,0,0.494687,5.88687,6.38156
229,0,0.36474,4.5126,4.87734
230,0,0.355417,4.81161,5.16703
231,0,0.426563,5.87057,6.29714
232,0,0.375468,5.56828,5.94375
233,0,0.404063,5.94594,6.35
234,0,0.49224,6.16115,6.65339
235,0,0.38401,5.81693,6.20094
236,0,0.30901,3.35187,3.66088
237,0,0.264844,5.44292,5.70776
238,0,0.387083,6.1651,6.55219
239,0,0.34375,5.80557,6.14932
240,0,0.40349,6.0251,6.42859
241,0,0.36474,4.52286,4.8876
242,0,0.362083,4.31375,4.67583
243,0,0.344584,5.80432,6.14891
244,0,0.310989,5.73766,6.04864
245,0,0.531146,5.85802,6.38917
246,0,0.315052,5.79271,6.10776
247,0,0.437031,6.21792,6.65495
248,0,0.356198,3.43562,3.79182
249,0,0.269792,5.61177,5.88156
250,0,0.367031,5.84849,6.21552
251,0,0.27526,6.02974,6.305
252,0,0.489375,5.74604,6.23542
253,0,0.300469,4.77438,5.07484
254,0,0.496042,4.02958,4.52562
255,0,0.494062,5.87011,6.36417
256,0,0.308333,5.68214,5.99047
257,0,0.410208,5.79219,6.2024
258,0,0.365573,5.74635,6.11193
259,0,0.532812,5.74812,6.28094
260,0,0.363854,3.29307,3.65693
261,0,0.978437,5.41354,6.39198
262,0,0.488541,5.72734,6.21589
263,0,0.353333,5.4101,5.76344
264,0,0.375521,6.04823,6.42375
265,0,0.359271,3.48438,3.84365
266,0,0.458333,5.05427,5.5126
267,0,0.362448,5.99401,6.35646
268,0,0.307188,6.08729,6.39448
269,0,0.439739,5.8612,6.30094
270,0,0.362708,4.5912,4.95391
271,0,0.416979,3.87927,4.29625
272,0,0.392864,6.15365,6.54651
273,0,0.379375,5.67292,6.05229
274,0,0.407657,6.17594,6.58359
275,0,0.382656,5.87604,6.2587
276,0,0.457448,5.92219,6.37964
277,0,0.352187,4.48089,4.83307
278,0,0.392916,4.56333,4.95625
279,0,0.399843,6.12641,6.52625
280,0,1.75979,5.27859,7.03839
281,0,0.401927,5.91287,6.31479
282,0,0.588177,5.96266,6.55083
283,0,0.469584,6.26562,6.73521
284,0,0.358646,4.64198,5.00063
285,0,0.405312,6.95589,7.3612
286,0,0.517761,3.28401,3.80177
287,0,0.450208,5.3624,5.8126
288,0,0.402187,6.01453,6.41672
289,0,0.416302,5.91182,6.32812
290,0,0.405104,5.76443,6.16953
291,0,0.334636,4.37781,4.71245
292,0,0.359636,4.18687,4.54651
293,0,0.972187,5.37391,6.34609
294,0,0.374271,5.94672,6.32099
295,0,0.436615,6.03734,6.47396
296,0,0.395572,5.86787,6.26344
297,0,0.414843,5.7438,6.15864
298,0,0.338645,3.54104,3.87969
299,0,0.335573,5.31641,5.65198
300,0,0.981302,5.41156,6.39286
301,0,0.367708,5.70125,6.06896
302,0,1.23792,5.45875,6.69667
303,0,0.429479,5.62188,6.05135
304,0,0.395885,5.07745,5.47333
305,0,0.329167,3.5949,3.92406
306,0,0.276823,5.80604,6.08286
307,0,0.428177,5.9087,6.33688
308,0,0.292031,5.42703,5.71906
309,0,0.462604,6.3349,6.7975
310,0,0.375364,3.48052,3.85588
311,0,0.263489,5.62427,5.88776
312,0,0.374584,5.92563,6.30021
313,0,0.276823,5.74297,6.01979
314,0,0.536563,5.68396,6.22052
315,0,0.375782,4.80385,5.17964
316,0,1.28036,3.62458,4.90495
317,0,0.417604,6.31245,6.73005
318,0,0.341563,5.6937,6.03526
319,0,0.403854,5.97859,6.38245
320,0,0.354687,5.74839,6.10307
321,0,0.410989,5.84729,6.25828
322,0,0.347084,3.38104,3.72812
323,0,0.398073,5.56302,5.96109
324,0,0.45849,5.81713,6.27562
325,0,0.352135,5.68625,6.03838
326,0,0.48198,5.77328,6.25526
327,0,0.358125,5.52906,5.88719
328,0,0.459792,3.65755,4.11734
329,0,0.391667,5.86573,6.2574
330,0,0.405572,5.89469,6.30026
331,0,0.520989,5.81813,6.33911
332,0,0.346875,5.60031,5.94719
333,0,0.398802,5.9651,6.36391
334,0,0.395156,3.41495,3.8101
335,0,0.439635,5.16635,5.60599
336,0,0.372135,6.20547,6.5776
337,0,0.485625,5.90401,6.38964
338,0,0.524323,6.01292,6.53724
339,0,0.336771,6.26958,6.60635
340,0,0.375625,5.88307,6.2587
341,0,0.373907,3.45281,3.82672
342,0,0.40375,5.10922,5.51297
343,0,0.394218,6.29083,6.68505
344,0,0.381563,6.13479,6.51635
345,0,0.374375,5.96839,6.34276
346,0,0.292552,5.72891,6.02146
347,0,0.377291,6.27234,6.64963
348,0,0.349166,3.38198,3.73115
349,0,0.357604,5.24891,5.60651
350,0,0.408125,6.96865,7.37677
351,0,0.416094,6.10719,6.52328
352,0,0.423542,5.75969,6.18323
353,0,0.328437,5.67073,5.99917
354,0,0.400521,5.84891,6.24943
355,0,0.366042,3.32443,3.69047
356,0,0.315729,5.38234,5.69807
357,0,0.453125,5.84427,6.2974
358,0,0.347916,5.50859,5.85651
359,0,0.401093,5.80062,6.20172
360,0,0.325729,3.40375,3.72948
361,0,0.336406,5.22984,5.56625
362,0,0.470677,6.05708,6.52776
363,0,0.313802,5.75328,6.06708
364,0,0.54823,5.58099,6.12922
365,0,0.381563,4.49083,4.8724
366,0,0.62948,4.45505,5.08453
367,0,0.390156,5.75307,6.14323
368,0,0.328125,5.7863,6.11443
369,0,0.438698,5.79328,6.23198
370,0,0.424114,5.53521,5.95932
371,0,0.448802,3.55089,3.99969
372,0,0.446406,5.80708,6.25349
373,0,0.852135,5.49526,6.3474
374,0,0.384479,5.90651,6.29099
375,0,0.325417,5.85411,6.17953
376,0,0.506719,5.81958,6.3263
377,0,0.326771,5.71797,6.04474
378,0,0.600469,6.41984,7.02031
379,0,0.34901,3.61849,3.9675
380,0,0.370677,5.17687,5.54755
381,0,0.392656,6.22719,6.61984
382,0,0.632604,5.53037,6.16297
383,0,0.57224,5.68974,6.26198
384,0,0.333334,4.94896,5.28229
385,0,0.561406,3.94708,4.50849
386,0,0.460157,5.96406,6.42422
387,0,0.354063,5.69786,6.05193
388,0,0.371458,5.86432,6.23578
389,0,0.401979,5.75354,6.15552
390,0,0.4075,4.97865,5.38614
391,0,0.308282,3.65026,3.95854
392,0,0.38427,6.01068,6.39495
393,0,0.523073,5.7813,6.30438
394,0,0.291823,4.43604,4.72786
395,0,0.299062,4.01672,4.31578
396,0,0.352031,6.01615,6.36818
397,0,0.352083,5.59161,5.9437
398,0,0.374843,6.02177,6.39661
399,0,0.579427,5.56276,6.14219
400,0,0.497864,6.03615,6.53401
401,0,0.292031,4.46021,4.75224
402,0,0.36125,4.48589,4.84714
403,0,0.370729,5.85073,6.22146
404,0,0.355469,5.82536,6.18083
405,0,0.394427,6.09776,6.49219
406,0,0.405781,5.85807,6.26385
407,0,0.41349,6.14703,6.56052
408,0,0.350678,4.75891,5.10958
409,0,0.834166,3.76427,4.59844
410,0,0.566406,5.81672,6.38312
411,0,0.329323,5.98474,6.31406
412,0,0.376146,6.26318,6.63932
413,0,0.355625,5.79323,6.14885
414,0,0.419323,6.01271,6.43203
415,0,0.365313,4.7351,5.10042
416,0,0.460625,4.26953,4.73016
417,0,0.475677,5.76766,6.24333
418,0,0.32323,5.96734,6.29057
419,0,0.444167,3.48859,3.93276
420,0,0.436302,8.23729,8.67359
421,0,0.411302,5.01599,5.42729
422,0,0.350416,3.6074,3.95781
423,0,0.299271,5.84245,6.14172
424,0,0.422761,5.85948,6.28224
425,0,0.318021,5.37234,5.69036
426,0,0.474323,5.39547,5.86979
427,0,0.352917,3.91906,4.27198
428,0,0.25375,5.70208,5.95583
429,0,0.38526,5.86688,6.25213
430,0,0.269167,4.75578,5.02495
431,0,0.519428,6.64021,7.15964
432,0,0.36573,3.34672,3.71245
433,0,0.318229,5.62412,5.94234
434,0,0.437135,5.98599,6.42312
435,0,0.324844,5.64828,5.97312
436,0,0.369323,6.01938,6.3887
437,0,0.32026,4.92594,5.2462
438,0,0.49625,5.81588,6.31213
439,0,0.36151,4.19823,4.55974
440,0,1.45255,5.50802,6.96057
441,0,0.446042,6.13953,6.58557
442,0,0.354583,5.62234,5.97693
443,0,0.404375,6.17568,6.58005
444,0,0.82927,4.52339,5.35266
445,0,0.506927,7.08615,7.59307
446,0,0.331042,3.49375,3.82479
447,0,0.702291,5.12641,5.8287
448,0,0.496667,5.76708,6.26375
449,0,0.362343,5.89187,6.25422
450,0,0.411354,5.93141,6.34276
451,0,0.388542,5.4676,5.85615
452,0,0.374166,6.8674,7.24156
453,0,0.374583,4.79172,5.1663
454,0,0.832343,3.62771,4.46005
455,0,0.403438,5.82396,6.2274
456,0,0.331302,5.84583,6.17714
457,0,0.47875,5.93849,6.41724
458,0,1.22844,4.50537,5.7338
459,0,0.434636,3.96338,4.39802
460,0,0.352448,6.15667,6.50912
461,0,0.397552,5.42635,5.82391
462,0,0.389114,5.97469,6.3638
463,0,0.317396,5.47443,5.79182
464,0,0.397708,6.18271,6.58042
465,0,0.381771,4.53,4.91177
466,0,0.77125,3.96068,4.73193
467,0,1.05828,5.26042,6.3187
468,0,0.363645,5.83938,6.20302
469,0,0.394844,5.88594,6.28078
470,0,0.321146,5.76469,6.08583
471,0,0.377709,5.02588,5.40359
472,0,0.364166,4.16505,4.52922
473,0,0.321198,5.81682,6.13802
474,0,0.472708,6.00557,6.47828
475,0,0.365209,5.99349,6.3587
476,0,0.413073,5.84589,6.25896
477,0,0.326302,4.82484,5.15115
478,0,0.482396,3.81896,4.30136
479,0,0.410105,6.13021,6.54031
480,0,0.291041,5.7487,6.03974
481,0,0.5425,5.86771,6.41021
482,0,0.30849,5.59859,5.90708
483,0,0.577083,4.85797,5.43505
484,0,0.28323,3.74906,4.03229
485,0,0.250312,5.73177,5.98208
486,0,0.460313,5.71042,6.17073
487,0,0.282552,5.50901,5.79156
488,0,0.491562,3.5824,4.07396
489,0,0.41677,5.7888,6.20557
490,0,0.902656,5.58849,6.49115
491,0,0.407552,5.82078,6.22833
492,0,0.351718,5.59786,5.94958
493,0,0.498854,5.84729,6.34615
494,0,0.343698,4.87875,5.22245
495,0,0.504688,3.87052,4.37521
496,0,0.396042,5.955,6.35104
497,0,0.309219,5.65708,5.9663
498,0,0.365989,6.23161,6.5976
499,0,0.356354,5.49938,5.85573
500,0,0.456927,5.08276,5.53969
501,0,0.343437,4.02854,4.37198
502,0,0.389427,6.06167,6.45109
503,0,0.543333,5.78734,6.33068
504,0,0.337864,5.44703,5.7849
505,0,0.396719,6.19531,6.59203
506,0,0.481667,4.53922,5.02089
507,0,0.474792,4.12432,4.59912
508,0,0.356667,5.92292,6.27958
509,0,0.547396,6.24729,6.79469
510,0,0.442136,5.9026,6.34474
511,0,0.354427,5.48016,5.83458
512,0,0.390938,5.10349,5.49443
513,0,0.458021,4.30088,4.75891
514,0,0.374323,5.19234,5.56667
515,0,0.401771,6.06516,6.46693
516,0,0.422291,5.51708,5.93938
517,0,0.427656,5.94245,6.3701
518,0,0.339584,4.35948,4.69906
519,0,0.348385,4.29031,4.6387
520,0,0.401667,6.16776,6.56943
521,0,0.416719,5.72354,6.14026
522,0,0.386198,6.17458,6.56078
523,0,0.377604,5.75365,6.13125
524,0,0.425365,6.64016,7.06552
525,0,0.329844,4.52307,4.85292
526,0,0.423281,3.95708,4.38037
527,0,0.508906,5.83682,6.34573
528,0,0.344427,6.03698,6.38141
529,0,0.523021,6.01568,6.5387
530,0,0.362343,3.29208,3.65443
531,0,0.514166,4.7288,5.24297
532,0,0.412031,5.87391,6.28594
533,0,0.393906,5.91963,6.31354
534,0,0.46526,5.89302,6.35828
535,0,0.36401,5.80771,6.17172
536,0,0.574479,6.20953,6.78401
537,0,0.454271,4.59969,5.05396
538,0,0.378125,3.95411,4.33224
539,0,0.417083,6.16891,6.58599
540,0,0.402812,6.02536,6.42818
541,0,0.415156,5.77984,6.195
542,0,0.384948,4.87125,5.2562
543,0,0.710989,4.01167,4.72266
544,0,0.440313,5.81047,6.25078
545,0,0.3575,5.63156,5.98906
546,0,0.421302,4.98505,5.40635
547,0,0.423646,6.13932,6.56297
548,0,0.435052,5.80787,6.24292
549,0,0.343177,3.39354,3.73672
550,0,0.401823,5.56786,5.96969
551,0,0.435521,5.92656,6.36208
552,0,0.324687,5.70042,6.0251
553,0,0.380729,5.79396,6.17469
554,0,0.326718,5.73318,6.0599
555,0,0.438594,5.24677,5.68537
556,0,0.340521,3.69333,4.03385
557,0,0.358125,5.97047,6.32859
558,0,0.464114,6.0876,6.55172
559,0,0.320677,5.61161,5.93229
560,0,0.408125,5.85333,6.26146
561,0,0.360156,3.42542,3.78557
562,0,2.23781,4.27057,6.50838
563,0,0.405,5.88547,6.29047
564,0,0.585885,6.04359,6.62948
565,0,0.5425,6.54057,7.08307
566,0,0.347448,5.7213,6.06875
567,0,0.441927,5.84787,6.28979
568,0,0.549896,5.46516,6.01505
569,0,0.398333,5.70266,6.10099
570,0,0.472031,3.78833,4.26036
571,0,0.382344,5.99042,6.37276
572,0,0.388854,5.81161,6.20047
573,0,0.32,5.95177,6.27177
574,0,0.517604,5.84766,6.36526
575,0,0.37,5.41911,5.78911
576,0,0.415104,3.40396,3.81906
577,0,0.387969,6.42682,6.81479
578,0,0.416198,5.87412,6.29031
579,0,0.417031,5.81094,6.22797
580,0,0.336927,5.32635,5.66328
581,0,0.414687,5.07115,5.48583
582,0,0.472083,3.41812,3.89021
583,0,0.311927,5.68901,6.00094
584,0,0.419323,6.12234,6.54167
585,0,0.340312,5.59214,5.93245
586,0,0.41,5.85318,6.26318
587,0,0.326927,3.425,3.75193
588,0,0.291667,5.76135,6.05302
589,0,0.485885,5.78802,6.27391
590,0,0.323646,5.78672,6.11036
591,0,0.476041,5.96578,6.44182
592,0,0.358229,5.79802,6.15625
593,0,0.384792,3.43448,3.81927
594,0,0.35375,5.65198,6.00573
595,0,0.298958,5.7163,6.01526
596,0,0.428386,5.89656,6.32495
597,0,0.32401,5.43521,5.75922
598,0,0.481615,6.70266,7.18427
599,0,0.385573,3.24422,3.62979
600,0,0.335209,5.31078,5.64599
601,0,0.373646,5.91437,6.28802
602,0,0.301927,6.33109,6.63302
603,0,0.437812,5.28646,5.72427
604,0,0.341615,4.69474,5.03635
605,0,0.516354,3.87104,4.38739
606,0,0.396979,6.29354,6.69052
607,0,0.323333,6.03578,6.35912
608,0,0.377448,5.83229,6.20974
609,0,0.308542,5.71599,6.02453
610,0,0.418177,6.1001,6.51828
611,0,0.348802,3.56719,3.91599
612,0,0.482813,5.4563,5.93912
613,0,0.481979,5.87656,6.35854
614,0,0.319635,5.61599,5.93562
615,0,0.403541,5.8712,6.27474
616,0,0.343542,5.47891,5.82245
617,0,0.49401,3.24708,3.74109
618,0,0.359166,6.16573,6.5249
619,0,0.429948,5.71224,6.14219
620,0,0.527084,5.86615,6.39323
621,0,0.339843,5.44886,5.7887
622,0,0.411927,6.10104,6.51297
623,0,0.859791,3.18401,4.0438
624,0,0.384844,5.16719,5.55203
625,0,0.386458,6.00198,6.38844
626,0,0.575156,6.20698,6.78214
627,0,0.402396,5.9313,6.3337
628,0,0.348594,5.70995,6.05854
629,0,0.58375,6.25052,6.83427
630,0,0.392604,3.42391,3.81651
631,0,0.392032,5.07021,5.46224
632,0,0.382447,6.16287,6.54531
633,0,0.361093,6.03042,6.39151
634,0,0.405677,5.7626,6.16828
635,0,0.337239,5.59953,5.93677
636,0,0.652448,3.39807,4.05052
637,0,0.9475,5.57365,6.52115
638,0,1.01776,5.05266,6.07042
639,0,0.5325,6.01745,6.54995
640,0,0.356771,5.97213,6.32891
641,0,0.457292,6.20344,6.66073
642,0,0.354271,4.55599,4.91026
643,0,0.433594,3.98484,4.41844
644,0,0.429687,5.75677,6.18646
645,0,0.324323,5.69365,6.01797
646,0,0.526719,5.7826,6.30932
647,0,0.374375,4.51,4.88438
648,0,0.467864,3.76047,4.22833
649,0,0.405782,5.87109,6.27688
650,0,0.330833,5.83677,6.1676
651,0,0.415104,5.79729,6.2124
652,0,0.313072,4.67109,4.98417
653,0,0.650364,3.81057,4.46094
654,0,0.507812,5.91719,6.425
655,0,0.929427,5.15563,6.08505
656,0,0.402031,6.1487,6.55073
657,0,0.358906,6.56813,6.92703
658,0,0.438906,4.9974,5.4363
659,0,0.394635,5.43057,5.82521
660,0,0.412344,3.56333,3.97568
661,0,0.413646,5.86891,6.28255
662,0,0.348229,5.69188,6.0401
663,0,0.40776,5.7875,6.19526
664,0,0.353125,5.9837,6.33682
665,0,0.419635,5.83578,6.25542
666,0,0.353282,3.42573,3.77901
667,0,0.398125,6.05099,6.44911
668,0,0.422969,5.97161,6.39458
669,0,0.321198,5.84427,6.16547
670,0,0.393698,6.11224,6.50594
671,0,0.380208,5.7013,6.08151
672,0,0.507656,5.82906,6.33672
673,0,0.344948,3.54182,3.88677
674,0,0.485104,5.61885,6.10396
675,0,0.469167,6.09219,6.56135
676,0,0.319271,5.86099,6.18026
677,0,0.372448,6.0337,6.40615
678,0,0.382605,6.58417,6.96677
679,0,0.391458,5.92365,6.3151
680,0,0.36927,5.80073,6.17
681,0,0.748593,3.34984,4.09844
682,0,0.354896,6.13833,6.49323
683,0,0.329271,5.64333,5.9726
684,0,0.422656,5.89109,6.31375
685,0,0.400937,5.78349,6.18443
686,0,0.457188,6.17875,6.63594
687,0,0.596354,5.37333,5.96969
688,0,0.430156,3.37953,3.80969
689,0,0.393646,5.85661,6.25026
690,0,0.331354,6.03453,6.36588
691,0,0.420781,6.02042,6.4412
692,0,0.379271,5.43729,5.81656
693,0,0.413489,6.19401,6.6075
694,0,0.382604,5.55323,5.93583
695,0,0.384166,3.41547,3.79963
696,0,0.391719,5.91547,6.30719
697,0,0.325885,5.64354,5.96943
698,0,1.02406,5.28474,6.3088
699,0,0.37349,6.395,6.76849
700,0,0.493958,6.01245,6.50641
701,0,0.374948,5.73406,6.10901
702,0,0.418333,3.47557,3.89391
703,0,0.372917,5.9312,6.30412
704,0,0.332343,5.76432,6.09667
705,0,0.522031,6.19156,6.71359
706,0,0.366042,5.55344,5.91948
707,0,0.586771,5.93057,6.51734
708,0,0.3575,4.47511,4.83261
709,0,0.356927,4.05187,4.4088
710,0,0.399792,5.90255,6.30234
711,0,0.306615,5.38776,5.69437
712,0,0.387864,3.31797,3.70583
713,0,0.404114,5.77662,6.18073
714,0,0.332656,5.46641,5.79906
715,0,0.543802,5.91885,6.46266
716,0,0.314636,5.8825,6.19714
717,0,0.404062,5.76714,6.1712
718,0,0.382083,5.51354,5.89562
719,0,0.505677,3.43438,3.94005
720,0,0.405261,6.25865,6.66391
721,0,1.2662,5.46172,6.72792
722,0,0.4625,5.82812,6.29063
723,0,0.350781,5.57531,5.92609
724,0,0.418594,6.17115,6.58974
725,0,0.355677,5.50594,5.86161
726,0,0.400625,3.38104,3.78167
727,0,0.387968,5.8262,6.21417
728,0,0.400053,6.01792,6.41797
729,0,0.493802,5.78938,6.28318
730,0,0.344375,5.41146,5.75583
731,0,0.405833,6.06026,6.46609
732,0,0.358282,3.47734,3.83562
733,0,0.58349,5.07583,5.65932
734,0,0.392291,6.12792,6.52021
735,0,0.383854,6.08755,6.47141
736,0,0.434218,5.89167,6.32589
737,0,0.309219,5.41537,5.72458
738,0,0.416094,3.36083,3.77693
739,0,0.337604,6.22375,6.56135
740,0,0.348021,6.02641,6.37443
741,0,0.402031,6.02182,6.42385
742,0,0.47875,5.4274,5.90615
743,0,0.500833,6.30338,6.80422
744,0,0.340885,5.47073,5.81161
745,0,0.396042,3.32521,3.72125
746,0,0.391458,6.17312,6.56458
747,0,0.379843,5.675,6.05484
748,0,0.410833,6.14677,6.5576
749,0,0.405521,5.58854,5.99406
750,0,0.48375,6.54813,7.03188
751,0,0.375677,5.17568,5.55135
752,0,0.464896,3.37854,3.84344
753,0,0.472239,5.83594,6.30818
754,0,0.328125,5.94292,6.27104
755,0,0.567239,5.93906,6.5063
756,0,0.377448,5.58172,5.95917
757,0,0.513802,3.18125,3.69505
758,0,0.368802,5.85651,6.22531
759,0,0.321146,5.62813,5.94927
760,0,0.449636,5.76635,6.21599
761,0,0.283281,5.95573,6.23901
762,0,0.599947,5.48203,6.08198
763,0,0.433646,5.5375,5.97115
764,0,0.358593,3.25901,3.6176
765,0,0.375,6.25391,6.62891
766,0,0.319479,5.79141,6.11088
767,0,1.44276,4.93255,6.37531
768,0,0.353073,4.57057,4.92365
769,0,0.470104,4.48005,4.95016
770,0,0.40823,5.84464,6.25286
771,0,0.3225,5.52557,5.84807
772,0,0.348386,5.88578,6.23417
773,0,0.31474,5.58083,5.89557
774,0,0.529323,6.1312,6.66052
775,0,0.414323,4.55146,4.96578
776,0,0.452812,3.95984,4.41266
777,0,0.419323,6.00641,6.42573
778,0,0.346615,5.73766,6.08427
779,0,0.373021,6.03911,6.41214
780,0,0.339792,5.61458,5.95437
781,0,0.478021,3.38437,3.8624
782,0,0.359688,5.90135,6.26104
783,0,0.355261,5.91661,6.27187
784,0,0.450469,6.20224,6.65271
785,0,0.320209,5.69453,6.01474
786,0,0.381927,5.90469,6.28661
787,0,0.880312,5.42865,6.30896
788,0,0.465416,3.62797,4.09338
789,0,0.363125,5.79698,6.1601
790,0,0.459115,5.65734,6.11646
791,0,0.484063,6.70406,7.18813
792,0,0.335937,5.81115,6.14708
793,0,0.43875,5.9499,6.38865
794,0,0.369532,4.52114,4.89068
795,0,0.357604,4.16927,4.52688
796,0,0.359583,6.08385,6.44344
797,0,1.0738,5.26031,6.33411
798,0,0.422292,6.04927,6.47156
799,0,0.3575,5.88,6.2375
800,0,0.698646,4.82297,5.52161
801,0,0.391771,4.72047,5.11224
802,0,0.400052,3.8788,4.27885
803,0,0.3825,6.38281,6.76531
804,0,0.381823,6.09089,6.47271
805,0,0.415781,5.83063,6.24641
806,0,0.341302,5.65156,5.99287
807,0,0.392188,3.51281,3.905
808,0,0.431146,5.80151,6.23266
809,0,0.323906,5.67969,6.00359
810,0,0.531928,5.84766,6.37958
811,0,0.368802,5.54016,5.90896
812,0,0.427709,6.01771,6.44542
813,0,0.319792,4.47427,4.79406
814,0,0.360521,4.32104,4.68156
815,0,0.418698,5.65859,6.07729
816,0,0.317344,5.81146,6.1288
817,0,0.757136,5.88552,6.64266
818,0,0.347396,4.84302,5.19042
819,0,0.52974,3.81438,4.34412
820,0,0.403125,5.96318,6.3663
821,0,0.305937,5.56412,5.87005
822,0,0.433698,5.94141,6.3751
823,0,0.298385,4.50672,4.8051
824,0,0.578645,4.04828,4.62693
825,0,0.479427,5.76651,6.24594
826,0,0.287709,5.60797,5.89568
827,0,0.395885,6.06776,6.46365
828,0,0.323854,5.49688,5.82073
829,0,0.400833,3.68521,4.08604
830,0,0.427344,5.75974,6.18708
831,0,0.391198,5.47469,5.86589
832,0,0.487031,5.88063,6.36766
833,0,0.318958,6.19609,6.51505
834,0,0.378645,5.96182,6.34047
835,0,0.385052,7.15266,7.53771
836,0,2.99198,4.2563,7.24828
837,0,0.399167,5.00604,5.40521
838,0,0.869167,3.44547,4.31464
839,0,0.484375,3.53313,4.0175
840,0,0.395781,3.29771,3.69349
841,0,0.451927,3.38156,3.83349
842,0,0.333177,3.3726,3.70578
843,0,0.297292,3.3663,3.66359
844,0,0.325208,3.48823,3.81344
845,0,0.363854,3.42964,3.79349
846,0,0.308541,3.42115,3.72969
847,0,0.296615,3.69552,3.99214
848,0,1.30615,3.72698,5.03313
849,0,0.719531,3.51208,4.23161
850,0,0.887812,4.5025,5.39031
851,0,1.95344,4.21057,6.16401
852,0,0.776354,3.90979,4.68615
853,0,0.953385,3.37021,4.32359
854,0,0.873125,4.25583,5.12896
855,0,0.698594,3.33083,4.02943
856,0,1.1587,3.5863,4.745
857,0,0.732761,3.35797,4.09073
858,0,0.630052,3.49547,4.12552
859,0,0.647395,4.3799,5.02729
860,0,0.619635,3.43062,4.05026
861,0,0.634218,3.46604,4.10026
862,0,0.823229,3.59115,4.41437
863,0,0.744948,4.47865,5.22359
864,0,0.621771,3.34724,3.96901
865,0,0.731198,3.53562,4.26682
866,0,0.639896,3.49047,4.13037
867,0,0.60776,4.46406,5.07182
868,0,0.688542,3.64104,4.32958
869,0,0.623334,3.42995,4.05328
870,0,0.751406,3.35984,4.11125
871,0,0.74625,4.24104,4.98729
872,0,0.837552,3.43208,4.26964
873,0,0.600417,3.42396,4.02438
874,0,0.702916,4.13349,4.83641
875,0,0.664791,3.36901,4.0338
876,0,0.639792,3.31312,3.95292
877,0,0.635938,3.43771,4.07365
878,0,0.598125,4.425,5.02313
879,0,0.930781,3.24245,4.17323
880,0,1.52917,3.40146,4.93063
881,0,0.90875,4.23193,5.14068
882,0,0.763229,3.74062,4.50385
883,0,0.81677,3.3874,4.20417
884,0,0.707968,3.38208,4.09005
885,0,0.738177,3.91797,4.65615
886,0,0.774844,3.35078,4.12563
887,0,0.730052,3.48531,4.21536
888,0,0.681979,4.33177,5.01375
889,0,0.79026,3.27417,4.06443
890,0,0.772552,3.38177,4.15432
891,0,0.683177,4.37198,5.05516
892,0,0.795364,3.44172,4.23708
893,0,0.712813,3.6137,4.32651
894,0,0.724791,3.36318,4.08797
895,0,0.672812,3.75562,4.42844
896,0,0.697136,3.41594,4.11307
897,0,0.680833,3.78609,4.46693
898,0,0.734687,4.17167,4.90635
899,0,0.755781,3.31943,4.07521
900,0,0.744948,3.41542,4.16036
901,0,0.735208,4.55526,5.29047
902,0,0.763333,3.3199,4.08323
903,0,0.680104,3.50865,4.18875
904,0,0.69698,5.05448,5.75146
905,0,0.675,3.64088,4.31588
906,0,0.635886,3.39245,4.02833
907,0,0.828906,4.2724,5.1013
908,0,1.09974,3.56214,4.66188
909,0,0.984219,3.53667,4.52089
910,0,1.42448,4.54911,5.97359
911,0,1.25479,3.90177,5.15656
912,0,1.26687,3.70646,4.97333
913,0,0.998854,4.4863,5.48516
914,0,1.35963,3.43828,4.79792
915,0,1.11177,8.45188,9.56365
916,0,1.1951,3.92219,5.11729
917,0,1.68292,3.77922,5.46213
918,0,1.1013,3.40521,4.50651
919,0,1.02521,3.43875,4.46396
920,0,1.41573,4.31474,5.73047
921,0,2.04526,3.44427,5.48953
922,0,1.06859,3.88672,4.95531
923,0,1.20542,3.13109,4.33651
924,0,1.0449,3.63953,4.68443
925,0,3.15542,3.38208,6.5375
926,0,1.01323,3.66974,4.68297
927,0,1.90354,4.79422,6.69776
928,0,2.10302,3.50198,5.605
929,0,1.17401,3.43958,4.61359
930,0,1.05057,3.39568,4.44625
931,0,0.936407,3.59901,4.53542
932,0,2.47562,3.66417,6.13979
933,0,0.913594,3.42365,4.33724
934,0,0.852812,3.31135,4.16417
935,0,0.865104,3.37932,4.24443
936,0,0.803229,3.4375,4.24073
937,0,1.2188,3.38906,4.60786
938,0,1.06844,3.47255,4.54099
939,0,1.19333,3.42646,4.61979
940,0,0.8275,3.35365,4.18115
941,0,1.86203,3.43573,5.29776
942,0,1.10594,3.72635,4.83229
943,0,1.01307,3.45177,4.46484
944,0,0.840209,3.39219,4.2324
945,0,0.783386,3.44995,4.23333
946,0,0.905781,3.75073,4.65651
947,0,1.20292,3.36062,4.56354
948,0,0.874791,3.47786,4.35266
949,0,0.80151,3.32573,4.12724
950,0,1.14912,3.63323,4.78234
951,0,0.8825,3.53656,4.41906
952,0,0.821511,3.37375,4.19526
953,0,0.767916,3.38167,4.14958
954,0,0.779479,3.35938,4.13885
955,0,0.92849,3.61797,4.54646
956,0,1.16505,3.31792,4.48297
957,0,0.957343,3.5012,4.45854
958,0,0.834114,3.52964,4.36375
959,0,1.13974,3.51958,4.65932
960,0,0.812865,3.41094,4.2238
961,0,0.783542,3.83547,4.61901
962,0,0.780521,3.37849,4.15901
963,0,0.763802,3.32766,4.09146
964,0,0.829479,3.78599,4.61547
965,0,0.996407,3.99323,4.98964
966,0,0.934844,3.73057,4.66542
967,0,0.899479,4.10781,5.00729
968,0,1.7124,3.56948,5.28188
969,0,0.942604,3.76083,4.70344
970,0,0.808281,3.77062,4.57891
971,0,0.904219,3.81604,4.72026
972,0,0.818594,4.75599,5.57458
973,0,1.31724,3.67312,4.99036
974,0,0.92401,3.7949,4.71891
975,0,0.801927,4.05766,4.85958
976,0,1.16349,4.50755,5.67104
977,0,0.826562,4.01302,4.83958
978,0,0.770364,3.92385,4.69422
979,0,0.783698,4.02016,4.80386
980,0,0.819115,4.5362,5.35531
981,0,1.04203,4.15594,5.19797
982,0,0.878125,4.20854,5.08667
983,0,0.786458,4.00141,4.78786
984,0,1.22927,4.04354,5.27281
985,0,0.803646,4.35594,5.15958
986,0,0.810938,4.48219,5.29312
987,0,0.872812,4.40964,5.28245
988,0,1.09464,4.5249,5.61953
989,0,1.44052,4.06792,5.50844
990,0,1.17177,5.14839,6.32016
991,0,1.45594,5.01094,6.46687
992,0,0.901354,4.39526,5.29661
993,0,0.78901,4.41557,5.20458
994,0,0.807656,4.4725,5.28016
995,0,0.867343,4.79042,5.65776
996,0,1.09776,4.77229,5.87005
997,0,0.847552,5.2549,6.10245
998,0,1.86792,4.34443,6.21234
999,0,1.02062,4.38552,5.40615
1000,0,0.94448,4.48073,5.42521
1001,0,0.860886,4.31578,5.17667
1002,0,0.917188,4.30068,5.21786
1003,0,1.04573,4.65359,5.69932
1004,0,0.945156,4.55047,5.49563
1005,0,1.86766,4.58005,6.44771
1006,0,0.971823,4.77745,5.74927
1007,0,0.93125,4.4249,5.35615
1008,0,0.874323,4.4051,5.27943
1009,0,0.983855,4.47739,5.46125
1010,0,1.21323,4.8512,6.06443
1011,0,1.04911,4.60745,5.65656
1012,0,2.19813,4.50687,6.705
1013,0,1.07464,4.3101,5.38474
1014,0,0.964896,4.78568,5.75057
1015,0,0.857084,4.41302,5.27011
1016,0,0.894063,4.41266,5.30672
1017,0,1.04609,5.54958,6.59568
1018,0,0.979271,4.45307,5.43234
1019,0,1.8013,4.61688,6.41818
1020,0,0.973959,4.60266,5.57662
1021,0,0.924636,4.66365,5.58828
1022,0,0.864791,4.32297,5.18776
1023,0,0.906146,4.63755,5.5437
1024,0,1.13536,4.61359,5.74896
1025,0,0.932292,4.99583,5.92812
1026,0,1.68958,4.44562,6.13521
1027,0,0.951823,4.62526,5.57708
1028,0,0.937188,4.45109,5.38828
1029,0,0.830937,4.83646,5.6674
1030,0,0.882343,4.38969,5.27203
1031,0,1.06677,4.66463,5.73141
1032,0,1.11099,4.32036,5.43135
1033,0,1.5513,4.5374,6.0887
1034,0,1.11182,4.66385,5.77568
1035,0,0.879375,4.50729,5.38667
1036,0,1.04276,4.24177,5.28453
1037,0,0.921407,4.40281,5.32422
1038,0,1.00115,5.34917,6.35031
1039,0,1.07802,4.38943,5.46745
1040,0,1.07432,4.90833,5.98266
1041,0,1.20016,4.56891,5.76906
1042,0,0.927605,4.26089,5.18849
1043,0,1.11661,4.32661,5.44323
1044,0,0.925677,5.0575,5.98318
1045,0,1.09078,4.55651,5.64729
1046,0,0.93875,4.66417,5.60292
1047,0,0.859636,4.61989,5.47953
1048,0,1.20495,5.43958,6.64453
1049,0,0.923125,4.29177,5.2149
1050,0,1.11339,4.72365,5.83703
1051,0,0.9825,4.96537,5.94787
1052,0,1.1126,4.52687,5.63948
1053,0,0.958698,4.44245,5.40115
1054,0,0.819167,4.76479,5.58396
1055,0,1.1112,4.99422,6.10542
1056,0,0.91849,4.47943,5.39792
1057,0,0.865885,4.52146,5.38734
1058,0,0.958333,5.35833,6.31667
1059,0,1.21469,4.89349,6.10818
1060,0,0.997865,4.76109,5.75896
1061,0,1.62703,4.98995,6.61698
1062,0,0.968437,4.39797,5.36641
1063,0,0.886563,4.91724,5.8038
1064,0,0.847344,4.46469,5.31203
1065,0,0.777188,4.54807,5.32526
1066,0,1.09974,4.49073,5.59047
1067,0,0.946927,4.60823,5.55516
1068,0,1.35474,5.12724,6.48198
1069,0,1.10328,4.76734,5.87063
1070,0,0.900052,4.82474,5.72479
1071,0,0.828698,4.41917,5.24787
1072,0,0.834844,4.45568,5.29052
1073,0,1.12828,4.55844,5.68672
1074,0,0.961875,4.91755,5.87943
1075,0,1.98521,4.45583,6.44104
1076,0,1.08021,4.43745,5.51766
1077,0,0.907708,4.2013,5.10901
1078,0,1.10443,4.72974,5.83417
1079,0,0.839687,4.47448,5.31417
1080,0,1.06302,4.54771,5.61073
1081,0,0.949896,4.39865,5.34854
1082,0,0.849271,4.49885,5.34812
1083,0,1.16094,4.29839,5.45932
1084,0,0.971875,4.40229,5.37417
1085,0,0.997656,4.82984,5.8275
1086,0,0.873021,4.34302,5.21604
1087,0,1.4551,4.50068,5.95578
1088,0,1.02703,4.55839,5.58542
1089,0,0.939636,4.97823,5.91786
1090,0,1.19672,4.58323,5.77995
1091,0,0.944636,4.42057,5.36521
1092,0,0.966562,4.4888,5.45536
1093,0,0.843803,4.70484,5.54865
1094,0,0.890469,4.41151,5.30198
1095,0,1.05995,4.95526,6.01521
1096,0,0.922968,4.29385,5.21682
1097,0,1.1862,4.61099,5.79719
1098,0,0.941927,4.54948,5.49141
1099,0,1.08037,4.42583,5.5062
1100,0,0.848854,4.32724,5.17609
1101,0,0.83,4.6912,5.5212
1102,0,1.33026,4.53906,5.86932
1103,0,0.919167,4.46755,5.38672
1104,0,1.27625,4.90016,6.17641
1105,0,0.969583,4.55422,5.5238
1106,0,0.891406,4.28151,5.17292
1107,0,0.881094,4.30984,5.19094
1108,0,0.908125,4.84661,5.75474
1109,0,1.14297,4.67906,5.82203
1110,0,0.971979,4.6638,5.63578
1111,0,1.88802,4.38427,6.27229
1112,0,1.00193,4.19891,5.20083
1113,0,0.909218,4.70823,5.61745
1114,0,0.824271,4.60458,5.42885
1115,0,0.799428,4.29286,5.09229
1116,0,1.06885,4.64167,5.71052
1117,0,0.94375,4.48839,5.43213
1118,0,0.860052,4.87141,5.73146
1119,0,1.11141,4.77688,5.88828
1120,0,0.862657,4.35297,5.21563
1121,0,0.837968,4.53219,5.37016
1122,0,0.842656,4.45583,5.29849
1123,0,1.3688,4.5987,5.9675
1124,0,0.965209,4.65786,5.62307
1125,0,0.869428,4.5326,5.40203
1126,0,1.19052,4.50963,5.70016
1127,0,0.976875,4.77401,5.75089
1128,0,0.948125,4.56385,5.51198
1129,0,0.888646,4.39542,5.28406
1130,0,1.05359,5.5563,6.6099
1131,0,1.06464,4.61823,5.68286
1132,0,0.87302,4.48891,5.36193
1133,0,1.26729,4.57557,5.84286
1134,0,0.941667,4.65969,5.60135
1135,0,0.986771,4.24797,5.23474
1136,0,0.875052,4.35469,5.22974
1137,0,0.841458,4.86937,5.71083
1138,0,1.18234,4.83417,6.01651
1139,0,0.927917,4.59964,5.52755
1140,0,1.29557,4.5012,5.79677
1141,0,0.919844,4.38828,5.30813
1142,0,1.01271,4.85531,5.86802
1143,0,0.822239,4.35391,5.17615
1144,0,0.840782,4.43609,5.27688
1145,0,1.32234,4.46687,5.78922
1146,0,0.955261,4.46682,5.42208
1147,0,1.92995,4.38651,6.31646
1148,0,0.933229,4.43979,5.37302
1149,0,0.890313,4.20453,5.09484
1150,0,0.835156,4.2913,5.12646
1151,0,0.879792,4.53338,5.41318
1152,0,1.09948,4.6251,5.72458
1153,0,0.925104,5.38391,6.30901
1154,0,1.32177,4.57703,5.8988
1155,0,0.984531,4.575,5.55953
1156,0,0.923125,4.48286,5.40599
1157,0,0.830937,4.80729,5.63823
1158,0,0.885313,4.40922,5.29453
1159,0,1.08547,4.71323,5.7987
1160,0,0.947656,4.51953,5.46719
1161,0,1.58104,4.44219,6.02323
1162,0,1.08146,4.38792,5.46938
1163,0,0.865469,4.32708,5.19255
1164,0,1.18161,4.19375,5.37536
1165,0,1.00401,4.70516,5.70917
1166,0,1.11255,4.56422,5.67677
1167,0,0.97474,4.54344,5.51818
1168,0,0.829948,4.79948,5.62943
1169,0,1.15906,4.6213,5.78036
1170,0,0.90073,4.27187,5.1726
1171,0,0.952969,4.52505,5.47802
1172,0,0.828698,4.86078,5.68948
1173,0,1.50094,4.45766,5.95859
1174,0,0.976875,4.45,5.42687
1175,0,0.852395,4.42474,5.27714
1176,0,1.29734,4.77703,6.07437
1177,0,0.960677,4.30177,5.26245
1178,0,0.913438,4.40463,5.31807
1179,0,0.831302,4.17234,5.00365
1180,0,0.869063,4.67901,5.54807
1181,0,1.58172,4.43281,6.01453
1182,0,0.826927,4.74807,5.575
1183,0,1.10464,5.0163,6.12094
1184,0,0.820677,4.51432,5.335
1185,0,0.931667,4.4763,5.40797
1186,0,0.767553,4.44484,5.2124
1187,0,0.813386,4.81266,5.62604
1188,0,1.35411,4.67771,6.03182
1189,0,0.956875,4.46047,5.41734
1190,0,1.51854,4.55161,6.07016
1191,0,0.908229,4.92161,5.82984
1192,0,0.798698,4.55203,5.35073
1193,0,0.775312,4.54432,5.31963
1194,0,0.888854,4.65344,5.54229
1195,0,1.20432,4.36636,5.57068
1196,0,0.856198,5.06297,5.91917
1197,0,1.39833,4.39594,5.79427
1198,0,0.884167,4.99786,5.88203
1199,0,0.816718,4.39313,5.20984
