frame,decode_ms,render_ms,total_ms
0,685.19,6.32948,691.52
1,85.6951,5.45693,91.152
2,3.43703,3.82953,7.26656
3,2.77886,3.64786,6.42672
4,3.16094,4.1763,7.33724
5,3.13766,3.4774,6.61505
6,2.52229,3.58047,6.10276
7,2.91906,4.16443,7.08349
8,3.00458,3.38427,6.38886
9,3.54255,3.72057,7.26312
10,3.09437,4.29729,7.39167
11,2.79338,3.67974,6.47312
12,3.65797,3.52104,7.17901
13,2.98255,3.40224,6.38479
14,2.99568,3.44578,6.44146
15,3.10578,3.84141,6.94719
16,3.05104,3.9963,7.04734
17,3.51031,3.83208,7.34239
18,3.32776,3.46969,6.79745
19,2.77729,3.4175,6.19479
20,2.9599,3.49854,6.45844
21,3.23984,3.58787,6.82771
22,3.11036,3.5049,6.61526
23,3.54656,3.98349,7.53005
24,3.37083,3.44411,6.81495
25,2.84719,3.43057,6.27776
26,2.9775,3.58448,6.56198
27,3.61453,3.64297,7.2575
28,2.975,3.52505,6.50005
29,3.41849,3.56266,6.98115
30,2.99344,3.5726,6.56604
31,3.02026,3.5276,6.54786
32,2.89495,3.61875,6.5137
33,4.26339,3.90901,8.1724
34,3.11276,5.22797,8.34073
35,3.2976,3.63979,6.9374
36,3.04943,3.61037,6.65979
37,4.55021,4.13005,8.68026
38,3.75172,3.6375,7.38922
39,3.53323,3.61469,7.14792
40,3.52484,3.53672,7.06156
41,4.64698,3.46156,8.10854
42,3.16276,3.65792,6.82068
43,3.56302,5.45573,9.01875
44,3.81047,3.58682,7.39729
45,5.92734,4.49745,10.4248
46,5.04292,7.00167,12.0446
47,7.40385,3.76042,11.1643
48,4.17516,4.51021,8.68536
49,2.60828,3.46943,6.07771
50,3.91318,4.21443,8.1276
51,2.71792,3.55318,6.27109
52,3.5363,4.18693,7.72323
53,3.04484,3.37328,6.41812
54,3.14026,4.34802,7.48828
55,2.40953,3.45344,5.86297
56,5.23943,4.53146,9.77088
57,2.91958,4.36974,7.28932
58,2.47073,4.33833,6.80906
59,2.35516,4.21307,6.56823
60,5.27302,3.38599,8.65901
61,2.93318,4.27609,7.20927
62,5.57792,3.5899,9.16781
63,3.40755,4.11557,7.52313
64,4.1812,3.38745,7.56865
65,3.07542,6.69677,9.77219
66,2.47776,4.22625,6.70401
67,4.92052,3.02182,7.94234
68,2.44547,4.07906,6.52453
69,4.5049,3.25745,7.76234
70,2.04385,3.91969,5.96354
71,4.8825,3.36078,8.24328
72,2.66516,3.85042,6.51557
73,4.90375,3.08542,7.98917
74,2.5574,3.33214,5.88953
75,4.5675,3.09266,7.66016
76,3.56823,2.87734,6.44557
77,4.71026,3.03474,7.745
78,2.08161,3.5712,5.65281
79,4.50068,3.15724,7.65792
80,2.05297,3.88854,5.94151
81,4.53745,2.93021,7.46766
82,2.68333,3.35427,6.0376
83,2.36313,4.83453,7.19766
84,1.92036,3.21896,5.13932
85,2.46224,5.10911,7.57135
86,1.86708,2.78984,4.65693
87,2.81073,3.21182,6.02255
88,4.20891,2.91328,7.12219
89,2.59781,2.57224,5.17005
90,4.30427,2.57625,6.88052
91,2.41792,3.24797,5.66589
92,2.56338,4.72136,7.28474
93,1.86261,3.23427,5.09687
94,1.80214,3.18818,4.99031
95,3.86833,2.59354,6.46188
96,2.90328,3.58338,6.48667
97,3.55531,2.54391,6.09922
98,1.77203,3.22505,4.99708
99,2.94745,4.65104,7.59849
100,1.92885,3.21177,5.14062
101,1.94401,3.29792,5.24193
102,3.9601,2.56292,6.52302
103,2.56729,2.80505,5.37234
104,4.11479,2.54344,6.65823
105,1.70396,3.26479,4.96875
106,3.0337,4.64797,7.68167
107,2.10615,3.28812,5.39427
108,2.25505,5.19042,7.44547
109,1.98188,2.71151,4.69339
110,2.78495,3.24542,6.03036
111,3.76547,2.88646,6.65193
112,2.52693,2.61286,5.13979
113,5.18349,2.60417,7.78766
114,2.32187,3.47203,5.79391
115,2.8524,4.48953,7.34193
116,2.05854,2.83828,4.89682
117,2.69641,5.45026,8.14667
118,1.88922,3.50573,5.39495
119,2.04219,5.30073,7.34292
120,2.00141,2.62135,4.62276
121,2.44526,3.4587,5.90396
122,3.57224,2.58234,6.15458
123,2.79016,2.5849,5.37505
124,4.93656,2.59922,7.53578
125,2.25734,3.40927,5.66661
126,2.72484,4.68005,7.4049
127,2.00557,3.51708,5.52266
128,1.84839,5.47609,7.32448
129,1.89464,2.5612,4.45583
130,2.10474,3.4262,5.53094
131,3.66333,2.67557,6.33891
132,1.84646,3.39047,5.23693
133,2.67656,4.72443,7.40099
134,1.91088,3.4649,5.37578
135,1.87385,5.52885,7.40271
136,2.15922,3.3375,5.49672
137,1.87755,3.35609,5.23365
138,3.81417,2.58964,6.4038
139,2.7712,2.58521,5.35641
140,4.97588,2.66,7.63589
141,1.9426,3.47604,5.41864
142,2.8001,4.64953,7.44963
143,1.90917,3.35844,5.2676
144,1.84443,5.55687,7.4013
145,1.86823,3.33932,5.20755
146,2.16042,5.49385,7.65427
147,1.89417,2.56526,4.45943
148,2.60583,3.33167,5.9375
149,3.69776,2.56578,6.26354
150,1.83698,3.36583,5.20281
151,2.9887,4.68724,7.67594
152,2.23354,3.34656,5.5801
153,2.51745,5.17932,7.69677
154,1.90328,3.41422,5.3175
155,2.36807,5.34396,7.71203
156,1.90172,2.55125,4.45297
157,2.62401,3.40505,6.02906
158,3.54896,2.57047,6.11943
159,2.14198,3.35109,5.49307
160,2.97458,4.77943,7.75401
161,2.05755,3.36109,5.41865
162,2.74615,4.55755,7.3037
163,1.72281,3.36479,5.0876
164,2.04438,3.4013,5.44568
165,3.66339,2.58526,6.24865
166,3.07141,3.52859,6.6
167,3.81781,2.58734,6.40516
168,1.85479,3.34745,5.20224
169,4.66672,2.58412,7.25083
170,2.15802,3.40411,5.56214
171,3.6913,4.68099,8.37229
172,1.92911,3.50698,5.43609
173,2.10839,5.67901,7.7874
174,2.16391,3.33557,5.49948
175,2.96281,5.30495,8.26776
176,1.98781,3.36328,5.35109
177,1.75333,3.3626,5.11594
178,3.67146,2.58292,6.25437
179,2.82005,2.6175,5.43755
180,4.71958,2.56578,7.28536
181,2.27042,3.33969,5.6101
182,2.74089,4.70083,7.44172
183,1.96594,3.35521,5.32115
184,1.97313,5.44943,7.42255
185,2.24021,3.44214,5.68234
186,1.83203,3.44932,5.28135
187,3.88833,2.5688,6.45714
188,2.59531,2.55151,5.14682
189,4.74974,2.60896,7.3587
190,1.92359,3.35901,5.2826
191,2.72542,4.71052,7.43594
192,2.07406,3.44016,5.51422
193,1.84078,3.41401,5.25479
194,3.65693,2.55083,6.20776
195,2.64161,3.36365,6.00526
196,3.68375,2.58563,6.26938
197,1.86266,3.34021,5.20287
198,4.50537,2.65917,7.16453
199,1.92625,3.46885,5.3951
200,2.30745,5.51802,7.82547
201,1.91901,3.33099,5.25
202,1.97292,3.38755,5.36047
203,3.66521,2.58109,6.2463
204,2.75198,2.55109,5.30307
205,4.61344,2.61745,7.23088
206,1.88948,3.3412,5.23068
207,2.59948,4.68427,7.28375
208,1.94635,3.33401,5.28036
209,2.09771,3.45557,5.55328
210,3.97661,2.72521,6.70182
211,2.93526,4.12479,7.06005
212,3.71813,2.57349,6.29162
213,2.6524,2.57891,5.2313
214,4.44802,2.6001,7.04812
215,2.16479,4.31255,6.47734
216,4.75859,3.40463,8.16323
217,1.8724,3.22656,5.09896
218,3.06562,5.46802,8.53365
219,3.46427,2.59021,6.05448
220,5.31521,2.58677,7.90198
221,1.89094,3.53245,5.42338
222,4.9824,2.56813,7.55052
223,2.18516,3.49182,5.67698
224,2.91365,5.43031,8.34396
225,1.98807,3.37516,5.36323
226,3.64411,5.37818,9.02229
227,2.23047,3.41427,5.64474
228,5.17802,2.56552,7.74354
229,2.68932,3.58177,6.27109
230,5.30813,2.61177,7.9199
231,1.85542,3.3525,5.20792
232,4.53422,3.3974,7.93161
233,1.81641,3.35672,5.17312
234,2.17589,6.2774,8.45328
235,2.07906,3.51708,5.59614
236,1.93677,6.36021,8.29698
237,1.96552,3.73224,5.69776
238,3.3325,5.52682,8.85932
239,2.0875,3.74573,5.83323
240,3.06667,5.42479,8.49146
241,1.96406,3.81318,5.77724
242,6.22568,2.58422,8.8099
243,3.01099,2.5962,5.60719
244,5.64021,2.58146,8.22167
245,3.24448,2.57167,5.81615
246,5.89422,2.68088,8.5751
247,3.28667,3.8249,7.11156
248,4.40589,2.56177,6.96766
249,3.28594,3.84047,7.12641
250,4.38729,2.5651,6.9524
251,3.2938,3.80599,7.09979
252,4.38849,2.59453,6.98302
253,3.45761,3.71896,7.17656
254,4.41844,2.55578,6.97422
255,3.14255,3.76422,6.90677
256,4.33995,2.55385,6.8938
257,2.87932,5.94412,8.82344
258,2.16422,2.57615,4.74036
259,2.94818,3.71708,6.66526
260,4.36636,2.56193,6.92828
261,3.20354,3.86245,7.06599
262,4.3912,2.57276,6.96396
263,3.23776,4.00776,7.24552
264,4.62089,2.5701,7.19099
265,3.19333,6.46792,9.66125
266,2.09589,2.58781,4.6837
267,2.85568,6.51432,9.37
268,2.04328,2.57849,4.62177
269,2.65531,6.84047,9.49578
270,1.91875,3.71286,5.63162
271,1.93391,6.50833,8.44224
272,2.08469,3.77901,5.8637
273,1.93786,6.52917,8.46703
274,2.14693,4.05422,6.20115
275,2.96792,5.5374,8.50531
276,1.99562,3.7412,5.73682
277,5.00703,3.41464,8.42167
278,1.91938,3.74484,5.66422
279,5.96417,2.61068,8.57484
280,2.27453,3.87984,6.15437
281,5.6737,2.56984,8.24354
282,3.00839,2.64198,5.65036
283,5.87109,2.59516,8.46625
284,3.08542,2.83969,5.9251
285,5.39062,2.67724,8.06786
286,2.98901,2.82115,5.81016
287,5.5426,2.56177,8.10437
288,3.02339,2.57453,5.59792
289,5.71969,2.59802,8.31771
290,2.97859,2.59302,5.57161
291,5.4725,2.68641,8.15891
292,3.21615,3.74849,6.96464
293,4.47094,2.56031,7.03125
294,3.28625,3.70828,6.99453
295,4.56599,2.5887,7.15469
296,3.03682,3.75042,6.78724
297,4.49245,2.59448,7.08693
298,3.38865,3.72167,7.11031
299,4.61484,2.575,7.18984
300,3.05865,3.75745,6.81609
301,4.44109,2.57047,7.01156
302,3.27135,3.79807,7.06943
303,4.77557,2.58161,7.35719
304,2.9313,3.72766,6.65896
305,4.30911,2.54802,6.85714
306,3.08047,3.88719,6.96766
307,4.32094,2.56146,6.8824
308,3.25974,4.00651,7.26625
309,4.53094,2.59844,7.12937
310,2.7462,3.7163,6.4625
311,4.37719,2.56229,6.93948
312,3.13219,3.84583,6.97802
313,4.6925,2.56427,7.25677
314,3.5237,6.76891,10.2926
315,2.16026,3.72078,5.88104
316,1.90208,6.66088,8.56297
317,2.28135,3.86234,6.1437
318,3.21911,5.45625,8.67536
319,1.89583,3.98203,5.87786
320,6.11125,2.57448,8.68573
321,3.05193,2.57344,5.62537
322,5.785,2.58682,8.37182
323,3.14854,2.64391,5.79245
324,5.45776,2.60917,8.06693
325,3.34974,3.82276,7.1725
326,4.34792,2.55234,6.90026
327,3.16635,3.71667,6.88302
328,4.72213,2.63125,7.35339
329,3.08406,3.72026,6.80432
330,4.61641,2.64359,7.26
331,3.16781,3.7599,6.92771
332,4.55063,2.55484,7.10547
333,3.06135,3.72208,6.78344
334,4.58422,3.40495,7.98917
335,2.62057,3.72057,6.34115
336,4.79312,2.65156,7.44469
337,2.8425,3.75766,6.60016
338,4.61677,2.55802,7.17479
339,3.70063,6.53526,10.2359
340,1.99016,3.71391,5.70406
341,1.86156,6.69667,8.55823
342,1.98818,3.80115,5.78932
343,3.30734,5.47427,8.78162
344,2.16495,3.72479,5.88974
345,3.1276,5.33792,8.46552
346,1.9426,3.71849,5.66109
347,5.19844,3.14167,8.3401
348,2.03875,3.73599,5.77474
349,5.53604,2.56443,8.10047
350,3.96917,3.85036,7.81953
351,4.7563,2.57463,7.33094
352,3.02422,3.85901,6.88323
353,4.55229,2.59323,7.14552
354,2.99547,3.71969,6.71516
355,4.30755,2.56349,6.87104
356,3.05859,3.77422,6.83281
357,4.40588,2.56667,6.97255
358,3.0412,3.95203,6.99323
359,4.48339,2.59599,7.07937
360,3.11375,3.68974,6.80349
361,4.41156,2.55536,6.96693
362,3.19979,3.77396,6.97375
363,4.41021,2.57328,6.98349
364,3.13896,3.94135,7.08031
365,4.51385,2.56687,7.08073
366,3.30573,3.73141,7.03714
367,4.26547,2.59068,6.85615
368,3.08516,3.73312,6.81828
369,4.38068,2.60047,6.98114
370,3.4426,3.79698,7.23958
371,4.32047,2.56083,6.8813
372,2.93078,3.69823,6.62901
373,4.6026,2.62167,7.22427
374,3.17755,3.74203,6.91958
375,4.37182,2.66292,7.03474
376,3.3575,3.74167,7.09917
377,4.53818,2.55677,7.09495
378,2.71787,3.74302,6.46089
379,4.60396,2.57521,7.17917
380,3.0326,3.7249,6.7575
381,4.78635,2.74297,7.52932
382,2.75302,3.76521,6.51823
383,4.42838,2.56453,6.99292
384,3.06771,3.72245,6.79016
385,4.77745,2.58229,7.35974
386,2.75375,3.79234,6.54609
387,4.57536,2.58469,7.16005
388,3.155,3.71401,6.86901
389,4.43229,2.55526,6.98755
390,2.93047,3.81448,6.74495
391,4.3737,2.57359,6.94729
392,3.18708,3.75448,6.94156
393,4.66188,2.5774,7.23927
394,3.09167,3.72625,6.81792
395,4.29917,2.55354,6.85271
396,3.04641,3.7825,6.82891
397,4.42458,2.56812,6.99271
398,3.05037,3.8438,6.89417
399,4.54943,2.60688,7.1563
400,3.31104,3.74948,7.06052
401,4.32036,2.56458,6.88495
402,3.34833,3.82979,7.17812
403,4.19219,2.55896,6.75115
404,3.10151,3.8601,6.96162
405,4.58719,2.56406,7.15125
406,2.66943,3.71365,6.38307
407,4.75557,2.59427,7.34984
408,3.27078,3.76364,7.03443
409,4.35615,2.57135,6.9275
410,3.13125,3.87891,7.01016
411,4.72115,3.71448,8.43562
412,1.93349,6.50526,8.43875
413,1.97818,4.27229,6.25047
414,3.29583,5.47661,8.77245
415,2.16323,4.01755,6.18078
416,5.26271,3.37109,8.6338
417,2.0113,3.71406,5.72536
418,4.69234,3.39448,8.08682
419,1.84984,3.74406,5.59391
420,4.74734,3.39906,8.14641
421,1.96531,3.8312,5.79651
422,5.86542,2.58224,8.44766
423,1.8588,3.7075,5.5663
424,5.75156,2.6449,8.39646
425,1.7899,3.75365,5.54354
426,6.25182,2.66057,8.9124
427,3.28406,3.75474,7.0388
428,4.44963,2.56,7.00964
429,3.01469,3.72604,6.74073
430,4.68776,2.58594,7.2737
431,2.99781,3.7201,6.71792
432,4.50891,2.65068,7.15958
433,3.11932,3.74083,6.86016
434,4.49354,2.56438,7.05792
435,2.99974,3.71896,6.7187
436,4.56536,2.58349,7.14885
437,3.16693,3.72432,6.89125
438,4.59969,2.60109,7.20078
439,3.16771,3.72646,6.89417
440,4.41672,2.56078,6.9775
441,3.35828,3.78693,7.14521
442,4.43787,2.57651,7.01438
443,3.35453,3.80224,7.15677
444,4.46844,2.5838,7.05224
445,3.18422,3.72104,6.90526
446,4.38432,2.54781,6.93213
447,3.00266,3.79995,6.8026
448,4.4488,2.56172,7.01052
449,3.20495,3.97745,7.1824
450,4.45245,2.5751,7.02755
451,2.63162,3.72297,6.35458
452,5.22625,3.7913,9.01755
453,1.87162,3.75948,5.63109
454,4.17719,2.55484,6.73203
455,2.67984,3.91599,6.59583
456,4.71078,2.58016,7.29094
457,2.66917,3.75719,6.42635
458,4.38844,2.58807,6.97651
459,3.4676,3.81089,7.27849
460,4.49359,2.60104,7.09464
461,2.96641,3.81828,6.78469
462,4.39333,2.56037,6.9537
463,2.77865,3.7212,6.49984
464,4.7638,2.81823,7.58203
465,2.67297,3.74021,6.41318
466,4.69776,2.67073,7.36849
467,3.0738,3.87677,6.95057
468,4.42016,2.57714,6.99729
469,2.62932,3.70109,6.33042
470,4.47141,2.59948,7.07088
471,3.12562,3.71911,6.84474
472,4.57937,2.65401,7.23339
473,3.18411,3.77146,6.95557
474,4.49073,2.55776,7.04849
475,3.17844,3.75016,6.92859
476,4.55714,2.58974,7.14687
477,2.62833,3.7125,6.34083
478,4.66255,2.65203,7.31458
479,3.26437,3.72073,6.9851
480,4.57021,2.57651,7.14672
481,2.54927,5.23781,7.78708
482,3.17068,2.60458,5.77526
483,3.01479,3.9487,6.96349
484,4.62224,3.01911,7.64135
485,2.68344,3.78521,6.46865
486,4.35099,2.60443,6.95542
487,2.78349,3.89312,6.67661
488,4.4337,2.57234,7.00604
489,2.92057,3.7662,6.68677
490,4.93047,2.60938,7.53984
491,2.77307,3.71662,6.48969
492,4.57812,2.60406,7.18219
493,2.9863,3.84198,6.82828
494,4.64813,2.56833,7.21646
495,2.42495,3.89583,6.32078
496,4.65625,2.5737,7.22995
497,3.05313,3.75198,6.8051
498,4.66609,2.5751,7.2412
499,3.05167,3.75703,6.8087
500,4.42812,2.56401,6.99214
501,3.21229,3.85589,7.06818
502,4.62865,2.5962,7.22484
503,2.52542,3.7249,6.25031
504,4.42167,2.56875,6.99042
505,3.36974,3.805,7.17474
506,4.3624,2.57432,6.93672
507,3.42021,3.80562,7.22583
508,4.37448,2.56646,6.94094
509,2.91969,3.75458,6.67427
510,4.51573,2.59198,7.10771
511,2.85636,3.77495,6.6313
512,4.4226,2.5976,7.02021
513,3.66656,3.82089,7.48745
514,4.41385,3.71964,8.13349
515,1.89427,3.77005,5.66432
516,4.19859,2.62516,6.82375
517,2.64948,3.76375,6.41323
518,4.24787,2.67193,6.91979
519,3.27594,3.75573,7.03167
520,4.62354,2.92359,7.54713
521,2.58141,3.71182,6.29323
522,4.67974,4.64068,9.32042
523,2.02297,3.74734,5.77031
524,5.32833,3.81911,9.14745
525,3.15917,5.46292,8.62208
526,1.88698,3.73172,5.6187
527,3.14036,5.54896,8.68932
528,3.3274,2.5687,5.89609
529,2.89474,5.59875,8.49349
530,3.03948,2.58885,5.62833
531,4.77635,3.15255,7.92891
532,1.86823,3.74479,5.61302
533,5.31469,3.15328,8.46797
534,3.12818,2.56417,5.69234
535,4.85594,3.42276,8.2787
536,3.31047,3.73057,7.04104
537,4.44787,2.55458,7.00245
538,3.09151,2.6025,5.69401
539,2.94495,5.29245,8.2374
540,3.18812,3.78417,6.97229
541,4.68443,2.58937,7.2738
542,3.25776,3.7188,6.97656
543,4.69094,2.56313,7.25406
544,3.04495,3.75984,6.80479
545,4.46578,2.55766,7.02344
546,2.88844,3.8913,6.77974
547,4.47557,2.58026,7.05583
548,2.93115,3.71089,6.64203
549,4.45578,2.57729,7.03307
550,3.03974,3.79568,6.83542
551,4.46875,2.57443,7.04318
552,3.08745,3.83589,6.92333
553,4.35995,2.56422,6.92417
554,3.22224,3.6975,6.91974
555,4.54208,2.59464,7.13672
556,3.19943,3.72453,6.92396
557,4.48281,2.58885,7.07167
558,3.58406,3.84552,7.42958
559,4.2874,2.56297,6.85037
560,3.15031,3.73193,6.88224
561,4.45531,2.60911,7.06443
562,3.32094,3.7437,7.06464
563,4.42573,2.65833,7.08406
564,3.34797,3.83802,7.18599
565,5.17807,3.72833,8.90641
566,1.84875,3.76333,5.61208
567,4.41083,3.73068,8.14151
568,1.93302,3.74339,5.67641
569,4.92786,3.84057,8.76844
570,3.01901,2.60526,5.62427
571,4.54578,3.71734,8.26313
572,2.92781,2.64255,5.57036
573,4.67677,3.7376,8.41437
574,2.99281,2.62427,5.61708
575,4.43828,3.80302,8.2413
576,2.9949,2.59177,5.58667
577,4.78005,3.71662,8.49667
578,3.11068,5.49708,8.60776
579,1.90094,3.7288,5.62974
580,3.04234,5.66385,8.7062
581,1.83531,3.72495,5.56026
582,2.85375,5.46271,8.31646
583,1.82573,3.72802,5.55375
584,3.25583,5.46005,8.71589
585,1.8925,3.81786,5.71036
586,2.66031,5.59974,8.26005
587,1.9475,3.52099,5.46849
588,2.8737,5.46297,8.33667
589,1.86885,3.79672,5.66557
590,2.77318,5.45536,8.22854
591,1.93172,3.78802,5.71974
592,3.19458,5.39057,8.58516
593,3.06943,3.71042,6.77984
594,1.76818,5.34797,7.11615
595,3.02307,3.74849,6.77156
596,2.07588,5.33281,7.4087
597,3.06333,3.83651,6.89984
598,5.10198,2.56469,7.66667
599,2.94141,3.71318,6.65458
600,4.59563,2.59318,7.1888
601,3.37,3.7337,7.1037
602,4.42307,2.58542,7.00849
603,3.55552,3.83057,7.38609
604,4.37338,2.56594,6.93932
605,2.56589,3.7101,6.27599
606,4.77198,2.63167,7.40365
607,3.2849,3.77432,7.05922
608,4.41229,2.64755,7.05984
609,2.945,3.85,6.795
610,4.42568,2.56927,6.99495
611,2.86776,3.71682,6.58458
612,4.43432,2.58042,7.01474
613,3.17339,3.71964,6.89302
614,4.39167,2.68505,7.07672
615,3.17792,3.74391,6.92182
616,4.49052,2.5588,7.04932
617,2.69198,3.73229,6.42427
618,4.90719,2.60625,7.51344
619,2.83912,3.68448,6.52359
620,4.64266,2.645,7.28766
621,3.16693,3.74714,6.91406
622,4.6787,2.56719,7.24589
623,2.50906,3.7474,6.25646
624,5.07724,2.58948,7.66672
625,2.63167,3.72958,6.36125
626,2.40458,6.68953,9.09411
627,1.89682,3.7325,5.62932
628,4.38729,3.74807,8.13537
629,1.97948,3.80984,5.78932
630,4.42234,3.70943,8.13177
631,1.84844,3.8025,5.65094
632,4.56641,3.76146,8.32786
633,2.10583,3.60214,5.70797
634,4.28526,2.60344,6.8887
635,2.70755,3.84198,6.54953
636,4.35568,2.58073,6.93641
637,3.12719,4.03703,7.16422
638,4.49443,2.56927,7.0637
639,2.45614,3.74761,6.20375
640,4.48344,2.57214,7.05557
641,3.63047,3.78276,7.41323
642,4.40375,2.58141,6.98516
643,2.63479,4.0876,6.7224
644,4.44703,2.57844,7.02547
645,2.80583,3.80781,6.61365
646,4.2688,2.60281,6.87161
647,3.11937,3.79854,6.91792
648,4.40932,2.6026,7.01193
649,3.32432,3.90417,7.22849
650,2.33078,6.72687,9.05766
651,3.12031,2.6699,5.79021
652,4.48536,3.88104,8.36641
653,3.23125,2.81432,6.04557
654,4.37052,4.03521,8.40573
655,3.2125,2.69156,5.90406
656,4.64396,3.75031,8.39427
657,3.18896,5.50302,8.69198
658,1.86979,3.7675,5.63729
659,2.52984,4.7651,7.29495
660,4.76786,3.93969,8.70755
661,4.57318,2.58948,7.16266
662,3.09708,3.72521,6.82229
663,4.49016,2.58338,7.07354
664,3.25318,3.74583,6.99901
665,4.42844,2.69599,7.12443
666,3.10818,3.7263,6.83448
667,4.76932,2.56422,7.33354
668,3.03792,3.75797,6.79589
669,4.6013,2.60724,7.20854
670,3.47906,3.78974,7.2688
671,4.64375,2.58734,7.23109
672,2.81078,3.74016,6.55094
673,4.38849,2.58255,6.97104
674,3.06359,3.93953,7.00312
675,4.59708,2.57682,7.17391
676,2.72203,3.82193,6.54396
677,4.67026,2.58276,7.25302
678,3.54974,3.6062,7.15594
679,4.33271,2.57167,6.90437
680,2.64458,3.95969,6.60427
681,4.25781,2.56854,6.82635
682,3.24427,3.92818,7.17245
683,4.64417,2.58073,7.2249
684,2.56323,3.76839,6.33162
685,4.38943,2.59016,6.97958
686,3.50172,3.78578,7.2875
687,4.31255,2.56963,6.88219
688,3.04781,3.93802,6.98583
689,4.53958,2.57438,7.11396
690,3.01005,3.72073,6.73078
691,4.36953,2.59562,6.96516
692,3.22375,3.78453,7.00828
693,4.65672,2.64672,7.30344
694,2.72109,3.83516,6.55625
695,4.69266,2.56349,7.25615
696,2.55828,3.72464,6.28292
697,5.10771,2.66307,7.77078
698,2.47568,3.75312,6.2288
699,5.75318,3.9225,9.67568
700,3.06156,2.62406,5.68562
701,4.59094,3.71016,8.30109
702,3.08703,2.59792,5.68495
703,4.41578,3.76797,8.18375
704,3.07505,2.60432,5.67938
705,4.99833,3.84037,8.8387
706,3.00516,2.62708,5.63224
707,4.31208,3.7187,8.03078
708,3.08771,2.65677,5.74448
709,4.30979,3.76552,8.07531
710,2.94307,2.64208,5.58516
711,4.50167,3.80375,8.30542
712,2.95333,5.49151,8.44484
713,1.8975,3.70823,5.60573
714,2.96286,5.52787,8.49073
715,1.97005,3.7087,5.67875
716,2.83906,5.61974,8.4588
717,1.8512,3.7975,5.6487
718,2.51865,5.53979,8.05844
719,1.87437,3.71521,5.58958
720,3.1487,5.4501,8.5988
721,1.93073,4.97198,6.90271
722,2.30052,5.5299,7.83042
723,3.02088,3.74458,6.76547
724,2.26406,5.34193,7.60599
725,3.14099,3.79026,6.93125
726,4.80063,2.57401,7.37463
727,2.99187,3.84833,6.84021
728,4.99094,2.6787,7.66964
729,2.38943,3.73797,6.1274
730,4.43318,2.55896,6.99214
731,3.27286,3.79781,7.07068
732,4.4901,2.55823,7.04833
733,3.0975,4.02011,7.11761
734,4.93802,3.70776,8.64578
735,3.32984,2.60469,5.93453
736,4.36891,3.78052,8.14943
737,3.04318,2.60229,5.64547
738,4.31896,3.7625,8.08146
739,3.48333,2.63432,6.11766
740,4.60245,3.71583,8.31828
741,3.05854,2.5912,5.64974
742,4.23313,3.79526,8.02839
743,3.11344,2.60615,5.71958
744,4.38453,3.95026,8.33479
745,3.03844,2.62594,5.66437
746,4.50135,3.71412,8.21547
747,3.01698,2.63943,5.65641
748,4.42734,3.74479,8.17214
749,3.18219,2.60682,5.78901
750,4.70557,3.84979,8.55536
751,3.14474,2.66458,5.80932
752,4.34526,3.70104,8.0463
753,3.25573,5.57583,8.83156
754,2.90917,4.62859,7.53776
755,1.92406,5.54443,7.46849
756,3.15865,3.8099,6.96854
757,3.69729,3.15203,6.84932
758,3.00328,3.72078,6.72406
759,2.09776,5.45547,7.55323
760,3.05568,3.72203,6.77771
761,5.04443,2.63307,7.6775
762,3.09375,3.8099,6.90365
763,4.52365,2.57172,7.09536
764,3.0338,3.80802,6.84182
765,5.21438,2.56943,7.7838
766,2.57969,3.85635,6.43604
767,5.07401,3.76917,8.84318
768,3.06292,2.5951,5.65802
769,4.7637,3.73464,8.49833
770,3.23062,2.6351,5.86573
771,4.30479,3.71318,8.01797
772,3.07083,2.68531,5.75615
773,4.42974,3.7425,8.17224
774,2.89922,2.59891,5.49812
775,4.31172,3.72333,8.03505
776,3.43385,2.65026,6.08411
777,4.41927,3.74656,8.16583
778,3.31609,2.67078,5.98688
779,4.44,3.71266,8.15266
780,3.1299,2.63448,5.76438
781,4.30609,3.77401,8.0801
782,3.17787,2.61766,5.79552
783,4.33063,3.74516,8.07578
784,3.63495,2.67396,6.30891
785,4.34047,3.75099,8.09146
786,2.99406,2.59963,5.5937
787,4.40427,3.8074,8.21167
788,3.32318,5.42974,8.75292
789,1.84693,3.95807,5.805
790,2.62734,5.49318,8.12052
791,2.74661,4.87812,7.62474
792,2.4351,5.40542,7.84052
793,3.1237,3.73583,6.85953
794,4.7451,2.65937,7.40448
795,3.61375,3.85146,7.46521
796,4.48208,2.56687,7.04896
797,2.92401,3.75521,6.67922
798,4.59906,2.59537,7.19443
799,3.24448,3.64432,6.8888
800,4.43969,2.65698,7.09667
801,2.85193,3.77526,6.62719
802,4.46073,2.55115,7.01187
803,3.25583,3.74906,7.0049
804,4.84604,2.59974,7.44578
805,2.60552,3.76281,6.36833
806,4.47427,2.65224,7.12651
807,3.11479,3.7362,6.85099
808,4.3738,2.56094,6.93474
809,3.04641,3.79932,6.84573
810,5.10469,3.74161,8.8463
811,3.05469,2.66026,5.71495
812,4.73849,3.78937,8.52786
813,3.10833,2.59693,5.70526
814,4.54766,3.73776,8.28542
815,3.12484,2.66865,5.79349
816,4.39057,3.7213,8.11187
817,3.16714,2.72401,5.89115
818,4.68938,3.75583,8.44521
819,2.9649,2.61984,5.58474
820,4.34651,3.735,8.08151
821,3.01635,3.62865,6.645
822,4.47687,3.7449,8.22177
823,2.58937,2.6999,5.28927
824,4.43828,3.72292,8.1612
825,2.92729,2.59495,5.52224
826,4.2763,3.81151,8.08781
827,3.41255,5.62964,9.04219
828,1.8462,3.79162,5.63781
829,2.96927,5.54307,8.51234
830,1.99646,4.9024,6.89885
831,1.99302,5.44287,7.43589
832,1.94297,4.74156,6.68453
833,2.50745,5.38203,7.88948
834,3.31141,3.87068,7.18208
835,1.97854,5.35401,7.33255
836,3.01385,3.73172,6.74557
837,4.67219,2.6237,7.29589
838,3.1426,3.76688,6.90948
839,4.48667,2.62667,7.11333
840,3.07818,3.84135,6.91953
841,4.4551,2.58292,7.03802
842,2.82557,3.73885,6.56443
843,4.60104,2.60875,7.20979
844,3.00766,3.74052,6.74818
845,4.565,2.67542,7.24042
846,2.90995,3.78979,6.69974
847,4.47969,2.56323,7.04292
848,3.19297,3.76609,6.95906
849,4.96495,3.74818,8.71312
850,2.95833,2.5824,5.54073
851,4.5325,3.85776,8.39026
852,3.37229,2.61036,5.98266
853,4.35401,3.7037,8.05771
854,3.1,2.64318,5.74318
855,4.38422,3.72974,8.11396
856,3.18792,2.59177,5.77969
857,4.5651,3.82958,8.39469
858,3.09578,2.61172,5.7075
859,4.58698,3.69406,8.28104
860,3.53151,2.70578,6.23729
861,4.47511,3.72505,8.20016
862,3.36068,2.7113,6.07198
863,4.68677,4.87328,9.56005
864,1.92906,2.60312,4.53219
865,4.52271,4.92583,9.44854
866,2.13141,5.36,7.49141
867,2.04682,4.79844,6.84526
868,2.59505,5.43625,8.0313
869,3.0501,3.72964,6.77974
870,1.93365,5.35448,7.28812
871,3.1449,3.78833,6.93323
872,4.64115,2.56005,7.2012
873,2.99458,4.01792,7.0125
874,5.29396,3.73386,9.02781
875,3.06698,2.59208,5.65906
876,4.34953,2.61688,6.96641
877,2.66261,3.56755,6.23016
878,4.80047,2.59359,7.39406
879,2.65036,3.84198,6.49234
880,4.65474,2.56463,7.21938
881,2.81802,3.78375,6.60177
882,4.99682,2.63375,7.63057
883,2.50151,3.74932,6.25083
884,4.97089,2.65151,7.6224
885,2.82234,3.56021,6.38255
886,1.87443,5.37651,7.25094
887,2.76411,3.73234,6.49646
888,2.08896,5.41828,7.50724
889,2.56745,3.7412,6.30865
890,1.97115,5.60974,7.58089
891,4.19662,2.61828,6.8149
892,4.3912,2.57943,6.97063
893,2.93073,3.74484,6.67557
894,4.42011,2.5826,7.00271
895,3.05761,3.73958,6.79719
896,4.70354,2.65396,7.3575
897,4.36776,2.59156,6.95932
898,4.46729,2.56448,7.03177
899,2.54281,3.73958,6.2824
900,5.59583,3.72714,9.32297
901,3.17901,2.6462,5.82521
902,4.4024,3.81818,8.22057
903,3.16333,2.61448,5.77781
904,5.18651,3.72995,8.91646
905,2.7112,3.22078,5.93198
906,4.30729,3.71964,8.02693
907,2.65276,2.73167,5.38443
908,4.61125,3.72662,8.33787
909,2.73953,2.58448,5.32401
910,4.36104,3.70448,8.06552
911,3.16984,2.7313,5.90115
912,4.56177,3.69906,8.26083
913,3.1788,2.70276,5.88156
914,4.34187,3.71385,8.05573
915,2.95094,2.58505,5.53599
916,4.70708,3.83182,8.53891
917,2.92005,2.62484,5.5449
918,4.25063,3.77443,8.02505
919,3.33453,2.69807,6.03261
920,4.31724,3.72141,8.03865
921,2.97438,2.59865,5.57302
922,4.38016,3.79495,8.17511
923,2.94,2.62219,5.56219
924,4.36917,3.75412,8.12328
925,3.46401,2.63917,6.10318
926,4.61646,3.72109,8.33755
927,2.95005,5.46312,8.41318
928,1.89333,3.7551,5.64844
929,2.59984,5.44047,8.04031
930,1.8925,3.8751,5.7676
931,2.82828,5.48062,8.30891
932,2.01995,4.86187,6.88182
933,1.91839,5.54307,7.46146
934,1.83547,4.87312,6.70859
935,1.8726,5.47922,7.35182
936,2.00219,5.00495,7.00714
937,1.89599,5.46453,7.36052
938,1.76958,4.69151,6.46109
939,1.94672,5.5262,7.47292
940,1.84349,4.63948,6.48297
941,1.91167,5.53177,7.44344
942,3.43891,3.78354,7.22245
943,1.92969,5.35562,7.28531
944,2.96266,3.72297,6.68562
945,2.55531,4.92615,7.48146
946,3.32563,3.75339,7.07901
947,4.6637,2.62026,7.28396
948,3.10021,3.57349,6.6737
949,4.24693,2.56338,6.81031
950,3.26854,3.7812,7.04974
951,1.95323,5.50036,7.45359
952,2.76609,3.80104,6.56714
953,1.92109,5.45625,7.37734
954,2.72333,3.80281,6.52615
955,4.54474,2.57958,7.12432
956,2.88026,4.60182,7.48208
957,3.84224,2.56104,6.40328
958,2.93302,3.84104,6.77406
959,5.07286,3.74365,8.81651
960,2.94698,2.59,5.53698
961,4.79474,3.73609,8.53083
962,3.23641,3.60682,6.84323
963,4.37453,3.72995,8.10448
964,2.72073,2.65333,5.37406
965,4.64896,3.70943,8.35839
966,2.7988,2.57745,5.37625
967,4.64151,3.76125,8.40276
968,2.94807,2.60427,5.55234
969,4.28458,3.79042,8.075
970,3.24214,2.63875,5.88089
971,4.40792,3.70146,8.10938
972,3.27146,2.61625,5.88771
973,4.37292,3.79885,8.17177
974,3.09724,2.61292,5.71016
975,4.3851,4.01995,8.40505
976,3.08443,5.55818,8.6426
977,1.99927,4.86115,6.86042
978,1.75458,5.47828,7.23287
979,2.3525,4.89938,7.25188
980,2.13068,5.40276,7.53344
981,3.24516,3.80245,7.0476
982,2.00042,5.33703,7.33745
983,2.95677,3.77615,6.73292
984,4.84828,2.59328,7.44156
985,3.16188,3.76281,6.92469
986,4.42625,2.67563,7.10187
987,3.07333,3.79896,6.87229
988,4.49385,2.5701,7.06396
989,2.9949,3.76229,6.75719
990,5.1825,2.59089,7.77339
991,4.07016,2.57568,6.64583
992,4.58234,2.6299,7.21224
993,3.98198,2.57792,6.5599
994,4.47323,2.5662,7.03943
995,4.42229,2.61073,7.03302
996,2.14943,6.7024,8.85182
997,3.07849,2.63953,5.71802
998,4.51172,3.81141,8.32312
999,3.03156,2.63031,5.66188
1000,4.42365,3.70786,8.13151
1001,2.99198,3.19021,6.18219
1002,4.19328,3.75656,7.94984
1003,3.25599,2.76792,6.02391
1004,4.53083,3.72927,8.2601
1005,2.81057,2.5949,5.40547
1006,4.59516,3.70203,8.29719
1007,2.92307,2.68391,5.60698
1008,4.42208,3.71135,8.13344
1009,3.38224,2.66937,6.05161
1010,4.81297,3.73104,8.54401
1011,2.50463,2.6,5.10464
1012,4.37802,3.77969,8.15771
1013,3.00089,2.61896,5.61984
1014,4.53078,3.74021,8.27099
1015,3.20682,2.60443,5.81125
1016,4.52245,3.71776,8.24021
1017,3.94213,5.4499,9.39203
1018,2.00901,4.91292,6.92193
1019,2.16807,5.45052,7.61859
1020,3.80787,3.85026,7.65813
1021,4.88005,2.56313,7.44318
1022,4.24547,2.57349,6.81896
1023,4.44406,2.59969,7.04375
1024,3.1274,3.50333,6.63073
1025,4.99833,2.62401,7.62234
1026,4.55135,2.62526,7.17661
1027,4.41714,3.70812,8.12526
1028,3.11255,2.58557,5.69813
1029,4.82052,3.73568,8.5562
1030,3.0287,2.61135,5.64005
1031,4.5262,3.93797,8.46417
1032,3.00286,2.61953,5.6224
1033,4.35797,3.72094,8.07891
1034,3.11427,2.61729,5.73156
1035,4.49083,3.73073,8.22156
1036,2.91885,2.63901,5.55786
1037,4.39208,3.82203,8.21411
1038,3.2149,2.61026,5.82516
1039,4.36875,3.70255,8.0713
1040,3.32594,2.64865,5.97458
1041,4.45823,3.7099,8.16812
1042,2.91391,2.63932,5.55323
1043,4.67625,3.80073,8.47698
1044,3.44104,2.6913,6.13234
1045,4.32578,3.70667,8.03245
1046,2.7649,2.64578,5.41068
1047,4.31974,3.7188,8.03854
1048,3.70714,2.69802,6.40516
1049,4.38859,3.73771,8.1263
1050,2.5699,2.59203,5.16193
1051,4.24354,3.71115,7.95469
1052,3.14448,2.62807,5.77255
1053,4.32911,3.7038,8.03292
1054,3.35312,2.8375,6.19062
1055,4.64682,3.7376,8.38443
1056,2.71937,2.59078,5.31016
1057,4.37287,3.79203,8.1649
1058,3.09417,2.61135,5.70552
1059,4.56109,3.78891,8.35
1060,3.3699,2.60453,5.97443
1061,4.51078,3.7137,8.22448
1062,2.62219,2.59615,5.21833
1063,4.65443,3.77224,8.42667
1064,3.04917,5.4638,8.51297
1065,1.83922,3.80375,5.64297
1066,2.83141,2.6374,5.4688
1067,4.38318,3.71005,8.09323
1068,2.96891,2.59469,5.56359
1069,4.39271,3.76463,8.15734
1070,3.37135,5.53328,8.90464
1071,1.91505,5.16349,7.07854
1072,1.98177,5.48203,7.4638
1073,1.90583,4.86839,6.77422
1074,2.33021,5.52292,7.85313
1075,3.0037,3.73344,6.73714
1076,4.96563,2.63005,7.59568
1077,3.01516,3.83599,6.85115
1078,4.75615,2.55625,7.3124
1079,2.90458,3.76161,6.6662
1080,4.70422,2.57729,7.28151
1081,2.94234,3.73708,6.67943
1082,4.94104,2.74385,7.6849
1083,3.19531,3.32703,6.52234
1084,4.61661,2.5649,7.18151
1085,4.43927,2.6026,7.04188
1086,4.54974,2.5826,7.13234
1087,2.89135,3.61411,6.50547
1088,5.22979,2.60745,7.83724
1089,4.18349,2.60151,6.785
1090,4.34917,2.56359,6.91276
1091,3.80781,2.63083,6.43865
1092,2.00583,5.37698,7.38281
1093,3.98901,2.63818,6.62719
1094,1.87708,5.4876,7.36469
1095,4.01641,2.58693,6.60333
1096,4.3162,2.55828,6.87448
1097,4.29292,3.13172,7.42464
1098,3.92474,2.55781,6.48255
1099,4.31302,2.69057,7.00359
1100,4.85547,3.73557,8.59104
1101,3.06823,2.58901,5.65724
1102,4.30245,2.5637,6.86615
1103,3.85286,2.6174,6.47026
1104,4.89234,2.565,7.45734
1105,2.54448,3.69771,6.24219
1106,1.85479,5.44193,7.29672
1107,2.95083,3.47714,6.42797
1108,2.13052,5.37563,7.50615
1109,4.38375,2.62078,7.00453
1110,4.39615,2.5849,6.98104
1111,4.3525,2.64552,6.99802
1112,4.48911,2.56615,7.05526
1113,3.83068,2.57786,6.40854
1114,4.72047,2.60792,7.32838
1115,4.09958,2.59213,6.69172
1116,4.66854,2.60339,7.27193
1117,4.30349,2.61287,6.91636
1118,5.18599,3.71125,8.89724
1119,3.24427,2.58333,5.8276
1120,4.35318,3.7574,8.11057
1121,3.05318,2.58854,5.64172
1122,4.46234,3.87677,8.33911
1123,3.38682,2.69599,6.08281
1124,4.51984,3.7087,8.22854
1125,2.69828,2.58599,5.28427
1126,4.37911,3.75005,8.12917
1127,3.26052,2.59604,5.85656
1128,4.51339,3.84776,8.36115
1129,2.90417,2.59495,5.49911
1130,5.22323,4.87396,10.0972
1131,2.14036,2.61771,4.75807
1132,4.4174,4.87854,9.29594
1133,1.95099,2.61573,4.56672
1134,4.72672,4.96359,9.69031
1135,1.82734,5.56276,7.39011
1136,1.87198,4.84828,6.72026
1137,1.91469,5.46792,7.3826
1138,3.34161,4.42089,7.7625
1139,2.05552,5.54901,7.60453
1140,4.38286,2.58141,6.96427
1141,4.36464,2.55005,6.91469
1142,4.43974,3.43188,7.87162
1143,3.68984,2.56261,6.25245
1144,4.11417,2.69167,6.80583
1145,1.96521,5.4325,7.39771
1146,3.67115,2.5887,6.25984
1147,4.74849,2.55937,7.30786
1148,4.02609,2.62135,6.64745
1149,4.34187,2.5574,6.89927
1150,2.88854,3.70464,6.59318
1151,2.0624,5.40875,7.47115
1152,4.21667,2.57859,6.79526
1153,2.35172,5.40443,7.75615
1154,3.75839,2.63151,6.3899
1155,4.54151,2.58958,7.13109
1156,4.41448,2.69339,7.10787
1157,4.8813,3.71839,8.59969
1158,2.9051,2.58432,5.48943
1159,4.51573,3.76943,8.28516
1160,3.00516,2.58672,5.59187
1161,4.34443,2.58417,6.92859
1162,3.89995,2.6238,6.52375
1163,4.8788,3.72,8.5988
1164,2.89823,2.57469,5.47292
1165,4.37266,2.65547,7.02813
1166,3.81943,2.59042,6.40984
1167,4.89078,2.66411,7.5549
1168,4.41021,2.64787,7.05807
1169,4.46557,3.71359,8.17917
1170,2.84563,2.61937,5.465
1171,4.77813,3.73281,8.51094
1172,3.31328,2.62146,5.93474
1173,4.52359,3.89417,8.41776
1174,2.90745,2.59026,5.49771
1175,4.36667,3.71568,8.08234
1176,3.09828,2.55828,5.65656
1177,4.44245,3.71469,8.15714
1178,2.97177,2.60172,5.57349
1179,4.59318,3.82656,8.41974
1180,3.15146,2.58214,5.73359
1181,4.37864,3.70714,8.08578
1182,3.3012,2.61833,5.91953
1183,4.80714,3.72213,8.52927
1184,2.60318,2.60396,5.20714
1185,5.06594,3.75995,8.82588
1186,2.52745,2.56937,5.09682
1187,4.5913,3.74297,8.33427
1188,3.53932,2.69073,6.23005
1189,4.35724,3.71365,8.07089
1190,2.45537,2.7049,5.16026
1191,4.95052,3.99328,8.9438
1192,2.27042,2.57828,4.8487
1193,4.44896,3.70609,8.15505
1194,3.14198,2.62349,5.76547
1195,4.35432,3.73901,8.09333
1196,3.35406,2.93833,6.2924
1197,4.47417,3.68906,8.16323
1198,3.03651,2.56937,5.60588
1199,4.29542,3.8175,8.11292
