round,position,mode,elapsed_ms
16,0,uncached,0.78375
16,1,cached,0.771093
16,2,baseline,0.439062
17,0,uncached,0.784896
17,1,baseline,0.45927
17,2,cached,0.748802
18,0,cached,0.745469
18,1,uncached,0.763178
18,2,baseline,0.442344
19,0,uncached,0.77151
19,1,cached,0.738386
19,2,baseline,0.441718
20,0,baseline,0.457708
20,1,cached,0.799688
20,2,uncached,0.783438
21,0,uncached,0.771979
21,1,baseline,0.432239
21,2,cached,0.76474
22,0,cached,0.754115
22,1,baseline,0.455885
22,2,uncached,0.762136
23,0,cached,0.748907
23,1,baseline,0.439375
23,2,uncached,0.762396
24,0,uncached,0.754896
24,1,baseline,0.426979
24,2,cached,0.75
25,0,cached,0.765417
25,1,baseline,0.444167
25,2,uncached,0.762865
26,0,uncached,0.75349
26,1,baseline,0.445417
26,2,cached,0.733386
27,0,cached,0.763438
27,1,uncached,0.751458
27,2,baseline,0.424895
28,0,uncached,0.763281
28,1,baseline,0.577239
28,2,cached,0.751406
29,0,baseline,0.437604
29,1,cached,0.778698
29,2,uncached,0.772812
30,0,baseline,0.4375
30,1,cached,0.733698
30,2,uncached,0.767552
31,0,cached,0.733959
31,1,uncached,0.78849
31,2,baseline,0.458437
32,0,uncached,0.777917
32,1,baseline,0.455365
32,2,cached,0.763594
33,0,baseline,0.457448
33,1,uncached,0.792865
33,2,cached,0.78125
34,0,uncached,0.774583
34,1,baseline,0.447969
34,2,cached,0.765261
35,0,uncached,0.780677
35,1,baseline,0.456406
35,2,cached,0.763489
36,0,baseline,0.445157
36,1,cached,0.752395
36,2,uncached,0.770156
37,0,uncached,0.771666
37,1,baseline,0.440781
37,2,cached,0.797604
38,0,uncached,0.774792
38,1,cached,0.757032
38,2,baseline,0.446355
39,0,cached,0.760157
39,1,uncached,0.774687
39,2,baseline,0.45151
40,0,cached,0.756458
40,1,baseline,0.436614
40,2,uncached,0.77375
41,0,uncached,0.772916
41,1,cached,0.755105
41,2,baseline,0.463229
42,0,baseline,0.464532
42,1,cached,0.760834
42,2,uncached,0.774427
43,0,uncached,0.775052
43,1,baseline,0.448073
43,2,cached,0.762708
44,0,uncached,0.77375
44,1,baseline,0.447968
44,2,cached,0.751042
45,0,baseline,0.446563
45,1,uncached,0.762812
45,2,cached,0.743958
46,0,baseline,0.45151
46,1,uncached,0.780573
46,2,cached,0.749271
47,0,cached,0.747709
47,1,uncached,0.765365
47,2,baseline,0.444219
48,0,cached,0.736719
48,1,uncached,0.767396
48,2,baseline,0.441302
49,0,uncached,0.754271
49,1,baseline,0.439166
49,2,cached,0.834532
50,0,cached,0.754843
50,1,baseline,0.436979
50,2,uncached,0.777917
51,0,baseline,0.446354
51,1,cached,0.747187
51,2,uncached,0.76125
52,0,cached,0.746614
52,1,baseline,0.439687
52,2,uncached,0.764584
53,0,uncached,0.767708
53,1,baseline,0.429948
53,2,cached,0.74849
54,0,uncached,0.762865
54,1,cached,0.732083
54,2,baseline,0.429167
55,0,cached,0.743802
55,1,uncached,0.777969
55,2,baseline,0.436875
56,0,baseline,0.441303
56,1,uncached,0.769011
56,2,cached,0.74599
57,0,baseline,0.434271
57,1,cached,0.73349
57,2,uncached,0.774219
58,0,uncached,0.763333
58,1,baseline,0.446875
58,2,cached,0.741562
59,0,uncached,0.763021
59,1,baseline,0.437813
59,2,cached,0.747969
60,0,cached,0.76375
60,1,baseline,0.440417
60,2,uncached,0.764063
61,0,baseline,0.424688
61,1,uncached,0.768334
61,2,cached,0.761927
62,0,baseline,0.424427
62,1,cached,0.75823
62,2,uncached,0.761823
63,0,uncached,0.763906
63,1,baseline,0.440156
63,2,cached,0.750885
64,0,uncached,0.768333
64,1,baseline,0.478073
64,2,cached,0.767657
65,0,uncached,0.763282
65,1,cached,0.753698
65,2,baseline,0.436093
66,0,baseline,0.425156
66,1,uncached,0.771302
66,2,cached,0.764479
67,0,uncached,0.781979
67,1,cached,0.73375
67,2,baseline,0.450937
68,0,baseline,0.443281
68,1,uncached,0.772083
68,2,cached,0.749532
69,0,uncached,0.792812
69,1,cached,0.764636
69,2,baseline,0.437135
70,0,uncached,0.765782
70,1,baseline,0.439219
70,2,cached,0.745365
71,0,baseline,0.459843
71,1,uncached,0.752708
71,2,cached,0.764895
72,0,cached,0.742656
72,1,baseline,0.507031
72,2,uncached,0.779218
73,0,uncached,0.762813
73,1,cached,0.79823
73,2,baseline,0.4625
74,0,baseline,0.434792
74,1,uncached,0.762187
74,2,cached,0.743698
75,0,cached,0.768438
75,1,uncached,0.762239
75,2,baseline,0.458437
76,0,baseline,0.457969
76,1,uncached,0.774895
76,2,cached,0.764948
77,0,uncached,0.774844
77,1,cached,0.764219
77,2,baseline,0.458021
78,0,uncached,0.778646
78,1,cached,0.77151
78,2,baseline,0.459167
79,0,cached,0.765417
79,1,baseline,0.453125
79,2,uncached,0.762604
80,0,baseline,0.456562
80,1,cached,0.770312
80,2,uncached,0.769323
81,0,cached,0.746979
81,1,uncached,0.760938
81,2,baseline,0.476927
82,0,uncached,0.783803
82,1,cached,0.744271
82,2,baseline,0.454427
83,0,uncached,0.75599
83,1,cached,0.746667
83,2,baseline,0.435417
84,0,cached,0.743697
84,1,baseline,0.455156
84,2,uncached,0.779947
85,0,uncached,0.775521
85,1,baseline,0.470104
85,2,cached,0.771511
86,0,baseline,0.442031
86,1,uncached,0.808855
86,2,cached,0.745365
87,0,baseline,0.43724
87,1,cached,0.745
87,2,uncached,0.781823
88,0,baseline,0.435313
88,1,uncached,0.755729
88,2,cached,0.743958
89,0,baseline,0.434947
89,1,uncached,0.762604
89,2,cached,0.76401
90,0,uncached,0.750677
90,1,cached,0.765312
90,2,baseline,0.453698
91,0,uncached,0.78599
91,1,cached,0.757709
91,2,baseline,0.438802
92,0,baseline,0.438646
92,1,cached,0.743958
92,2,uncached,0.763282
93,0,baseline,0.435677
93,1,uncached,0.784844
93,2,cached,0.732709
94,0,cached,0.855208
94,1,uncached,0.775573
94,2,baseline,0.437917
95,0,baseline,0.464375
95,1,uncached,0.775781
95,2,cached,0.75427
96,0,uncached,0.768073
96,1,baseline,0.423073
96,2,cached,0.764219
97,0,baseline,0.437292
97,1,uncached,0.763541
97,2,cached,0.74427
98,0,cached,0.743646
98,1,uncached,0.763958
98,2,baseline,0.424844
99,0,baseline,0.434167
99,1,uncached,0.75823
99,2,cached,0.766979
100,0,uncached,0.781198
100,1,baseline,0.423906
100,2,cached,0.743281
101,0,uncached,0.765104
101,1,baseline,0.439791
101,2,cached,0.746355
102,0,uncached,0.762031
102,1,baseline,0.45625
102,2,cached,0.73974
103,0,cached,0.745469
103,1,uncached,0.768334
103,2,baseline,0.434843
104,0,cached,0.803958
104,1,uncached,0.758021
104,2,baseline,0.43724
105,0,uncached,0.771667
105,1,cached,0.735781
105,2,baseline,0.440469
106,0,baseline,0.439896
106,1,uncached,0.764271
106,2,cached,0.734895
107,0,baseline,0.461666
107,1,uncached,0.751667
107,2,cached,0.744791
108,0,baseline,0.428907
108,1,uncached,0.810625
108,2,cached,0.768125
109,0,cached,0.733385
109,1,baseline,0.425469
109,2,uncached,0.763178
110,0,uncached,0.763021
110,1,cached,0.757708
110,2,baseline,0.456406
111,0,cached,0.743438
111,1,uncached,0.782292
111,2,baseline,0.425156
112,0,uncached,0.772812
112,1,baseline,0.424427
112,2,cached,0.760208
113,0,cached,0.79
113,1,uncached,0.790677
113,2,baseline,0.454479
114,0,cached,0.764948
114,1,baseline,0.443959
114,2,uncached,0.763334
115,0,uncached,0.76698
115,1,baseline,0.438698
115,2,cached,0.746927
116,0,uncached,0.772812
116,1,cached,0.788229
116,2,baseline,0.451614
117,0,uncached,0.764115
117,1,cached,0.794844
117,2,baseline,0.437291
118,0,cached,0.743646
118,1,uncached,0.761146
118,2,baseline,0.435833
119,0,baseline,0.454219
119,1,uncached,0.762239
119,2,cached,0.745
120,0,cached,0.732187
120,1,uncached,0.783542
120,2,baseline,0.459375
121,0,uncached,0.783073
121,1,cached,0.764375
121,2,baseline,0.491458
122,0,uncached,0.786927
122,1,baseline,0.457083
122,2,cached,0.769896
123,0,uncached,0.763646
123,1,baseline,0.436146
123,2,cached,0.74375
124,0,cached,0.736146
124,1,uncached,0.781406
124,2,baseline,0.454167
125,0,baseline,0.432188
125,1,cached,0.732135
125,2,uncached,0.752969
126,0,uncached,0.815781
126,1,baseline,0.440104
126,2,cached,0.73776
127,0,cached,0.745209
127,1,uncached,0.77599
127,2,baseline,0.43625
128,0,baseline,0.438594
128,1,cached,0.744271
128,2,uncached,0.766667
129,0,cached,0.743698
129,1,baseline,0.454063
129,2,uncached,0.767917
130,0,cached,0.764167
130,1,baseline,0.444011
130,2,uncached,0.792761
131,0,uncached,0.771875
131,1,cached,0.743958
131,2,baseline,0.440938
132,0,baseline,0.434948
132,1,uncached,0.790938
132,2,cached,0.75401
133,0,baseline,0.425469
133,1,cached,0.744271
133,2,uncached,0.75151
134,0,uncached,0.769479
134,1,cached,0.747396
134,2,baseline,0.445989
135,0,uncached,0.793697
135,1,cached,0.778021
135,2,baseline,0.436667
136,0,baseline,0.455364
136,1,uncached,0.764115
136,2,cached,0.745417
137,0,baseline,0.457708
137,1,cached,0.747553
137,2,uncached,0.765156
138,0,baseline,0.430261
138,1,cached,0.745365
138,2,uncached,0.844531
139,0,uncached,0.771771
139,1,baseline,0.436562
139,2,cached,0.817136
140,0,uncached,0.785885
140,1,baseline,0.437864
140,2,cached,0.744792
141,0,baseline,0.435417
141,1,cached,0.734427
141,2,uncached,0.752761
142,0,baseline,0.428021
142,1,cached,0.732969
142,2,uncached,0.75026
143,0,baseline,0.435364
143,1,cached,0.763177
143,2,uncached,0.750625
144,0,baseline,0.507395
144,1,uncached,0.753386
144,2,cached,0.76302
145,0,baseline,0.445
145,1,cached,0.755677
145,2,uncached,0.761146
146,0,baseline,0.441093
146,1,uncached,0.782344
146,2,cached,0.732605
147,0,cached,0.743802
147,1,baseline,0.435521
147,2,uncached,0.761823
148,0,cached,0.748386
148,1,uncached,0.80875
148,2,baseline,0.459011
149,0,baseline,0.428073
149,1,uncached,0.78375
149,2,cached,0.744636
150,0,baseline,0.442968
150,1,cached,0.752031
150,2,uncached,0.771614
151,0,uncached,0.760156
151,1,baseline,0.443177
151,2,cached,0.744531
152,0,cached,0.744323
152,1,uncached,0.780313
152,2,baseline,0.424948
153,0,cached,0.780677
153,1,uncached,0.763958
153,2,baseline,0.437344
154,0,baseline,0.424219
154,1,uncached,0.762187
154,2,cached,0.753333
155,0,cached,0.745886
155,1,baseline,0.424271
155,2,uncached,0.789427
156,0,baseline,0.442187
156,1,uncached,0.762604
156,2,cached,0.745313
157,0,uncached,0.787135
157,1,baseline,0.446354
157,2,cached,0.747396
158,0,uncached,0.771042
158,1,baseline,0.424895
158,2,cached,0.764219
159,0,uncached,0.750781
159,1,cached,0.731875
159,2,baseline,0.436511
160,0,cached,0.744323
160,1,baseline,0.444115
160,2,uncached,0.767447
161,0,uncached,0.790729
161,1,cached,0.743333
161,2,baseline,0.437292
162,0,uncached,0.817344
162,1,cached,0.771562
162,2,baseline,0.452084
163,0,cached,0.764948
163,1,uncached,0.791875
163,2,baseline,0.467657
164,0,baseline,0.460209
164,1,uncached,0.751875
164,2,cached,0.753333
165,0,baseline,0.455469
165,1,cached,0.753125
165,2,uncached,0.776927
166,0,cached,0.783959
166,1,uncached,0.785157
166,2,baseline,0.464896
167,0,uncached,0.774583
167,1,baseline,0.451042
167,2,cached,0.762812
168,0,baseline,0.456562
168,1,cached,0.752969
168,2,uncached,0.780729
169,0,uncached,0.769218
169,1,baseline,0.436146
169,2,cached,0.762812
170,0,uncached,0.807239
170,1,baseline,0.437969
170,2,cached,0.745572
171,0,cached,0.744583
171,1,baseline,0.431459
171,2,uncached,0.765208
172,0,cached,0.749115
172,1,uncached,0.765417
172,2,baseline,0.435885
173,0,cached,0.730469
173,1,uncached,0.764948
173,2,baseline,0.436667
174,0,baseline,0.434479
174,1,cached,0.744323
174,2,uncached,0.794948
175,0,uncached,0.768021
175,1,baseline,0.424635
175,2,cached,0.732448
