fixture,kind,phase,block,order,path,sample,decode_us,wire_bytes,exact
forest_s0,frame,warm,0,ABBA,baseline,0,551.094,56293,1
forest_s0,frame,warm,0,ABBA,candidate,1,494.062,53576,1
forest_s0,frame,warm,0,ABBA,candidate,1,637.031,53576,1
forest_s0,frame,warm,0,ABBA,baseline,0,466.667,56293,1
forest_s0,frame,warm,1,ABBA,baseline,2,432.969,56293,1
forest_s0,frame,warm,1,ABBA,candidate,3,448.958,53576,1
forest_s0,frame,warm,1,ABBA,candidate,3,448.229,53576,1
forest_s0,frame,warm,1,ABBA,baseline,2,431.771,56293,1
forest_s0,frame,warm,2,ABBA,baseline,4,451.719,56293,1
forest_s0,frame,warm,2,ABBA,candidate,5,449.687,53576,1
forest_s0,frame,warm,2,ABBA,candidate,5,446.979,53576,1
forest_s0,frame,warm,2,ABBA,baseline,4,431.979,56293,1
forest_s0,frame,warm,3,BAAB,candidate,7,556.042,53576,1
forest_s0,frame,warm,3,BAAB,baseline,6,453.802,56293,1
forest_s0,frame,warm,3,BAAB,baseline,6,429.532,56293,1
forest_s0,frame,warm,3,BAAB,candidate,7,451.875,53576,1
forest_s0,frame,warm,4,BAAB,candidate,9,443.854,53576,1
forest_s0,frame,warm,4,BAAB,baseline,8,430.104,56293,1
forest_s0,frame,warm,4,BAAB,baseline,8,448.333,56293,1
forest_s0,frame,warm,4,BAAB,candidate,9,460.677,53576,1
forest_s0,frame,warm,5,BAAB,candidate,11,444.219,53576,1
forest_s0,frame,warm,5,BAAB,baseline,10,449.322,56293,1
forest_s0,frame,warm,5,BAAB,baseline,10,429.636,56293,1
forest_s0,frame,warm,5,BAAB,candidate,11,442.708,53576,1
forest_s0,frame,warm,6,ABBA,baseline,12,430,56293,1
forest_s0,frame,warm,6,ABBA,candidate,13,447.084,53576,1
forest_s0,frame,warm,6,ABBA,candidate,13,442.656,53576,1
forest_s0,frame,warm,6,ABBA,baseline,12,429.062,56293,1
forest_s0,frame,warm,7,BAAB,candidate,15,480.365,53576,1
forest_s0,frame,warm,7,BAAB,baseline,14,449.583,56293,1
forest_s0,frame,warm,7,BAAB,baseline,14,437.5,56293,1
forest_s0,frame,warm,7,BAAB,candidate,15,478.177,53576,1
forest_s0,frame,warm,8,BAAB,candidate,17,482.5,53576,1
forest_s0,frame,warm,8,BAAB,baseline,16,429.166,56293,1
forest_s0,frame,warm,8,BAAB,baseline,16,426.511,56293,1
forest_s0,frame,warm,8,BAAB,candidate,17,442.396,53576,1
forest_s0,frame,warm,9,ABBA,baseline,18,448.698,56293,1
forest_s0,frame,warm,9,ABBA,candidate,19,478.385,53576,1
forest_s0,frame,warm,9,ABBA,candidate,19,464.636,53576,1
forest_s0,frame,warm,9,ABBA,baseline,18,449.115,56293,1
forest_s0,frame,warm,10,ABBA,baseline,20,447.136,56293,1
forest_s0,frame,warm,10,ABBA,candidate,21,443.281,53576,1
forest_s0,frame,warm,10,ABBA,candidate,21,442.239,53576,1
forest_s0,frame,warm,10,ABBA,baseline,20,448.334,56293,1
forest_s0,frame,warm,11,BAAB,candidate,23,441.823,53576,1
forest_s0,frame,warm,11,BAAB,baseline,22,429.271,56293,1
forest_s0,frame,warm,11,BAAB,baseline,22,426.042,56293,1
forest_s0,frame,warm,11,BAAB,candidate,23,442.396,53576,1
forest_s0,frame,measured,12,ABBA,baseline,0,427.552,56293,1
forest_s0,frame,measured,12,ABBA,candidate,1,466.041,53576,1
forest_s0,frame,measured,12,ABBA,candidate,1,479.895,53576,1
forest_s0,frame,measured,12,ABBA,baseline,0,456.355,56293,1
forest_s0,frame,measured,13,ABBA,baseline,2,450.73,56293,1
forest_s0,frame,measured,13,ABBA,candidate,3,450.625,53576,1
forest_s0,frame,measured,13,ABBA,candidate,3,470.781,53576,1
forest_s0,frame,measured,13,ABBA,baseline,2,436.562,56293,1
forest_s0,frame,measured,14,BAAB,candidate,5,481.823,53576,1
forest_s0,frame,measured,14,BAAB,baseline,4,434.584,56293,1
forest_s0,frame,measured,14,BAAB,baseline,4,429.531,56293,1
forest_s0,frame,measured,14,BAAB,candidate,5,443.177,53576,1
forest_s0,frame,measured,15,ABBA,baseline,6,431.667,56293,1
forest_s0,frame,measured,15,ABBA,candidate,7,452.344,53576,1
forest_s0,frame,measured,15,ABBA,candidate,7,445.416,53576,1
forest_s0,frame,measured,15,ABBA,baseline,6,438.125,56293,1
forest_s0,frame,measured,16,BAAB,candidate,9,482.917,53576,1
forest_s0,frame,measured,16,BAAB,baseline,8,453.698,56293,1
forest_s0,frame,measured,16,BAAB,baseline,8,449.375,56293,1
forest_s0,frame,measured,16,BAAB,candidate,9,491.562,53576,1
forest_s0,frame,measured,17,ABBA,baseline,10,445.938,56293,1
forest_s0,frame,measured,17,ABBA,candidate,11,480.677,53576,1
forest_s0,frame,measured,17,ABBA,candidate,11,481.459,53576,1
forest_s0,frame,measured,17,ABBA,baseline,10,440.937,56293,1
forest_s0,frame,measured,18,ABBA,baseline,12,450.625,56293,1
forest_s0,frame,measured,18,ABBA,candidate,13,479.479,53576,1
forest_s0,frame,measured,18,ABBA,candidate,13,480.052,53576,1
forest_s0,frame,measured,18,ABBA,baseline,12,450.677,56293,1
forest_s0,frame,measured,19,ABBA,baseline,14,449.583,56293,1
forest_s0,frame,measured,19,ABBA,candidate,15,480,53576,1
forest_s0,frame,measured,19,ABBA,candidate,15,480.261,53576,1
forest_s0,frame,measured,19,ABBA,baseline,14,430.157,56293,1
forest_s0,frame,measured,20,ABBA,baseline,16,448.021,56293,1
forest_s0,frame,measured,20,ABBA,candidate,17,453.907,53576,1
forest_s0,frame,measured,20,ABBA,candidate,17,444.271,53576,1
forest_s0,frame,measured,20,ABBA,baseline,16,456.563,56293,1
forest_s0,frame,measured,21,ABBA,baseline,18,453.802,56293,1
forest_s0,frame,measured,21,ABBA,candidate,19,481.198,53576,1
forest_s0,frame,measured,21,ABBA,candidate,19,480.833,53576,1
forest_s0,frame,measured,21,ABBA,baseline,18,445.104,56293,1
forest_s0,frame,measured,22,BAAB,candidate,21,478.073,53576,1
forest_s0,frame,measured,22,BAAB,baseline,20,430.521,56293,1
forest_s0,frame,measured,22,BAAB,baseline,20,427.865,56293,1
forest_s0,frame,measured,22,BAAB,candidate,21,563.177,53576,1
forest_s0,frame,measured,23,BAAB,candidate,23,453.958,53576,1
forest_s0,frame,measured,23,BAAB,baseline,22,450.729,56293,1
forest_s0,frame,measured,23,BAAB,baseline,22,416.927,56293,1
forest_s0,frame,measured,23,BAAB,candidate,23,444.583,53576,1
forest_s8,frame,warm,0,BAAB,candidate,1,473.593,53004,1
forest_s8,frame,warm,0,BAAB,baseline,0,475.156,55787,1
forest_s8,frame,warm,0,BAAB,baseline,0,449.167,55787,1
forest_s8,frame,warm,0,BAAB,candidate,1,488.75,53004,1
forest_s8,frame,warm,1,ABBA,baseline,2,445.156,55787,1
forest_s8,frame,warm,1,ABBA,candidate,3,498.385,53004,1
forest_s8,frame,warm,1,ABBA,candidate,3,453.281,53004,1
forest_s8,frame,warm,1,ABBA,baseline,2,439.375,55787,1
forest_s8,frame,warm,2,ABBA,baseline,4,426.459,55787,1
forest_s8,frame,warm,2,ABBA,candidate,5,469.531,53004,1
forest_s8,frame,warm,2,ABBA,candidate,5,469.895,53004,1
forest_s8,frame,warm,2,ABBA,baseline,4,431.927,55787,1
forest_s8,frame,warm,3,BAAB,candidate,7,470.416,53004,1
forest_s8,frame,warm,3,BAAB,baseline,6,438.907,55787,1
forest_s8,frame,warm,3,BAAB,baseline,6,457.136,55787,1
forest_s8,frame,warm,3,BAAB,candidate,7,469.791,53004,1
forest_s8,frame,warm,4,BAAB,candidate,9,450.729,53004,1
forest_s8,frame,warm,4,BAAB,baseline,8,441.354,55787,1
forest_s8,frame,warm,4,BAAB,baseline,8,435,55787,1
forest_s8,frame,warm,4,BAAB,candidate,9,452.136,53004,1
forest_s8,frame,warm,5,ABBA,baseline,10,436.042,55787,1
forest_s8,frame,warm,5,ABBA,candidate,11,449.687,53004,1
forest_s8,frame,warm,5,ABBA,candidate,11,455.989,53004,1
forest_s8,frame,warm,5,ABBA,baseline,10,485.208,55787,1
forest_s8,frame,warm,6,ABBA,baseline,12,445.834,55787,1
forest_s8,frame,warm,6,ABBA,candidate,13,483.386,53004,1
forest_s8,frame,warm,6,ABBA,candidate,13,451.771,53004,1
forest_s8,frame,warm,6,ABBA,baseline,12,425.885,55787,1
forest_s8,frame,warm,7,BAAB,candidate,15,447.291,53004,1
forest_s8,frame,warm,7,BAAB,baseline,14,457.604,55787,1
forest_s8,frame,warm,7,BAAB,baseline,14,454.688,55787,1
forest_s8,frame,warm,7,BAAB,candidate,15,448.698,53004,1
forest_s8,frame,warm,8,BAAB,candidate,17,485.99,53004,1
forest_s8,frame,warm,8,BAAB,baseline,16,462.969,55787,1
forest_s8,frame,warm,8,BAAB,baseline,16,434.531,55787,1
forest_s8,frame,warm,8,BAAB,candidate,17,468.177,53004,1
forest_s8,frame,warm,9,BAAB,candidate,19,448.177,53004,1
forest_s8,frame,warm,9,BAAB,baseline,18,425.417,55787,1
forest_s8,frame,warm,9,BAAB,baseline,18,435.886,55787,1
forest_s8,frame,warm,9,BAAB,candidate,19,448.855,53004,1
forest_s8,frame,warm,10,BAAB,candidate,21,451.979,53004,1
forest_s8,frame,warm,10,BAAB,baseline,20,469.166,55787,1
forest_s8,frame,warm,10,BAAB,baseline,20,434.948,55787,1
forest_s8,frame,warm,10,BAAB,candidate,21,450.521,53004,1
forest_s8,frame,warm,11,ABBA,baseline,22,424.895,55787,1
forest_s8,frame,warm,11,ABBA,candidate,23,450.416,53004,1
forest_s8,frame,warm,11,ABBA,candidate,23,472.761,53004,1
forest_s8,frame,warm,11,ABBA,baseline,22,436.875,55787,1
forest_s8,frame,measured,12,ABBA,baseline,0,435.156,55787,1
forest_s8,frame,measured,12,ABBA,candidate,1,447.708,53004,1
forest_s8,frame,measured,12,ABBA,candidate,1,448.281,53004,1
forest_s8,frame,measured,12,ABBA,baseline,0,432.396,55787,1
forest_s8,frame,measured,13,ABBA,baseline,2,449.583,55787,1
forest_s8,frame,measured,13,ABBA,candidate,3,479.375,53004,1
forest_s8,frame,measured,13,ABBA,candidate,3,448.959,53004,1
forest_s8,frame,measured,13,ABBA,baseline,2,436.823,55787,1
forest_s8,frame,measured,14,BAAB,candidate,5,448.906,53004,1
forest_s8,frame,measured,14,BAAB,baseline,4,436.719,55787,1
forest_s8,frame,measured,14,BAAB,baseline,4,460,55787,1
forest_s8,frame,measured,14,BAAB,candidate,5,448.177,53004,1
forest_s8,frame,measured,15,ABBA,baseline,6,453.959,55787,1
forest_s8,frame,measured,15,ABBA,candidate,7,483.542,53004,1
forest_s8,frame,measured,15,ABBA,candidate,7,465.99,53004,1
forest_s8,frame,measured,15,ABBA,baseline,6,424.739,55787,1
forest_s8,frame,measured,16,ABBA,baseline,8,442.188,55787,1
forest_s8,frame,measured,16,ABBA,candidate,9,448.333,53004,1
forest_s8,frame,measured,16,ABBA,candidate,9,448.594,53004,1
forest_s8,frame,measured,16,ABBA,baseline,8,444.271,55787,1
forest_s8,frame,measured,17,ABBA,baseline,10,434.635,55787,1
forest_s8,frame,measured,17,ABBA,candidate,11,492.708,53004,1
forest_s8,frame,measured,17,ABBA,candidate,11,465.104,53004,1
forest_s8,frame,measured,17,ABBA,baseline,10,455.26,55787,1
forest_s8,frame,measured,18,BAAB,candidate,13,448.281,53004,1
forest_s8,frame,measured,18,BAAB,baseline,12,439.479,55787,1
forest_s8,frame,measured,18,BAAB,baseline,12,421.407,55787,1
forest_s8,frame,measured,18,BAAB,candidate,13,445.26,53004,1
forest_s8,frame,measured,19,ABBA,baseline,14,424.219,55787,1
forest_s8,frame,measured,19,ABBA,candidate,15,447.136,53004,1
forest_s8,frame,measured,19,ABBA,candidate,15,490.625,53004,1
forest_s8,frame,measured,19,ABBA,baseline,14,424.948,55787,1
forest_s8,frame,measured,20,ABBA,baseline,16,433.437,55787,1
forest_s8,frame,measured,20,ABBA,candidate,17,485.208,53004,1
forest_s8,frame,measured,20,ABBA,candidate,17,447.865,53004,1
forest_s8,frame,measured,20,ABBA,baseline,16,434.948,55787,1
forest_s8,frame,measured,21,BAAB,candidate,19,445.938,53004,1
forest_s8,frame,measured,21,BAAB,baseline,18,435.105,55787,1
forest_s8,frame,measured,21,BAAB,baseline,18,422.552,55787,1
forest_s8,frame,measured,21,BAAB,candidate,19,565.678,53004,1
forest_s8,frame,measured,22,BAAB,candidate,21,452.395,53004,1
forest_s8,frame,measured,22,BAAB,baseline,20,424.427,55787,1
forest_s8,frame,measured,22,BAAB,baseline,20,453.021,55787,1
forest_s8,frame,measured,22,BAAB,candidate,21,448.646,53004,1
forest_s8,frame,measured,23,ABBA,baseline,22,454.062,55787,1
forest_s8,frame,measured,23,ABBA,candidate,23,447.709,53004,1
forest_s8,frame,measured,23,ABBA,candidate,23,447.5,53004,1
forest_s8,frame,measured,23,ABBA,baseline,22,423.49,55787,1
forest_s16,frame,warm,0,BAAB,candidate,1,520.208,52573,1
forest_s16,frame,warm,0,BAAB,baseline,0,475.573,55236,1
forest_s16,frame,warm,0,BAAB,baseline,0,457.969,55236,1
forest_s16,frame,warm,0,BAAB,candidate,1,452.188,52573,1
forest_s16,frame,warm,1,BAAB,candidate,3,452.031,52573,1
forest_s16,frame,warm,1,BAAB,baseline,2,438.021,55236,1
forest_s16,frame,warm,1,BAAB,baseline,2,423.646,55236,1
forest_s16,frame,warm,1,BAAB,candidate,3,465.052,52573,1
forest_s16,frame,warm,2,BAAB,candidate,5,452.396,52573,1
forest_s16,frame,warm,2,BAAB,baseline,4,456.562,55236,1
forest_s16,frame,warm,2,BAAB,baseline,4,423.021,55236,1
forest_s16,frame,warm,2,BAAB,candidate,5,450.312,52573,1
forest_s16,frame,warm,3,ABBA,baseline,6,435.833,55236,1
forest_s16,frame,warm,3,ABBA,candidate,7,484.063,52573,1
forest_s16,frame,warm,3,ABBA,candidate,7,450.104,52573,1
forest_s16,frame,warm,3,ABBA,baseline,6,436.094,55236,1
forest_s16,frame,warm,4,ABBA,baseline,8,423.698,55236,1
forest_s16,frame,warm,4,ABBA,candidate,9,448.438,52573,1
forest_s16,frame,warm,4,ABBA,candidate,9,476.875,52573,1
forest_s16,frame,warm,4,ABBA,baseline,8,462.656,55236,1
forest_s16,frame,warm,5,BAAB,candidate,11,448.125,52573,1
forest_s16,frame,warm,5,BAAB,baseline,10,441.614,55236,1
forest_s16,frame,warm,5,BAAB,baseline,10,434.427,55236,1
forest_s16,frame,warm,5,BAAB,candidate,11,447.917,52573,1
forest_s16,frame,warm,6,ABBA,baseline,12,435.678,55236,1
forest_s16,frame,warm,6,ABBA,candidate,13,449.218,52573,1
forest_s16,frame,warm,6,ABBA,candidate,13,485.469,52573,1
forest_s16,frame,warm,6,ABBA,baseline,12,435.417,55236,1
forest_s16,frame,warm,7,ABBA,baseline,14,434.27,55236,1
forest_s16,frame,warm,7,ABBA,candidate,15,483.698,52573,1
forest_s16,frame,warm,7,ABBA,candidate,15,450.938,52573,1
forest_s16,frame,warm,7,ABBA,baseline,14,444.636,55236,1
forest_s16,frame,warm,8,BAAB,candidate,17,484.166,52573,1
forest_s16,frame,warm,8,BAAB,baseline,16,423.593,55236,1
forest_s16,frame,warm,8,BAAB,baseline,16,434.167,55236,1
forest_s16,frame,warm,8,BAAB,candidate,17,447.917,52573,1
forest_s16,frame,warm,9,BAAB,candidate,19,448.49,52573,1
forest_s16,frame,warm,9,BAAB,baseline,18,485.677,55236,1
forest_s16,frame,warm,9,BAAB,baseline,18,457.708,55236,1
forest_s16,frame,warm,9,BAAB,candidate,19,485.364,52573,1
forest_s16,frame,warm,10,BAAB,candidate,21,448.386,52573,1
forest_s16,frame,warm,10,BAAB,baseline,20,435,55236,1
forest_s16,frame,warm,10,BAAB,baseline,20,440.834,55236,1
forest_s16,frame,warm,10,BAAB,candidate,21,446.823,52573,1
forest_s16,frame,warm,11,ABBA,baseline,22,432.917,55236,1
forest_s16,frame,warm,11,ABBA,candidate,23,445.625,52573,1
forest_s16,frame,warm,11,ABBA,candidate,23,446.615,52573,1
forest_s16,frame,warm,11,ABBA,baseline,22,433.594,55236,1
forest_s16,frame,measured,12,BAAB,candidate,1,465.729,52573,1
forest_s16,frame,measured,12,BAAB,baseline,0,433.802,55236,1
forest_s16,frame,measured,12,BAAB,baseline,0,431.719,55236,1
forest_s16,frame,measured,12,BAAB,candidate,1,485.782,52573,1
forest_s16,frame,measured,13,BAAB,candidate,3,483.906,52573,1
forest_s16,frame,measured,13,BAAB,baseline,2,453.646,55236,1
forest_s16,frame,measured,13,BAAB,baseline,2,452.292,55236,1
forest_s16,frame,measured,13,BAAB,candidate,3,534.01,52573,1
forest_s16,frame,measured,14,ABBA,baseline,4,445.677,55236,1
forest_s16,frame,measured,14,ABBA,candidate,5,482.657,52573,1
forest_s16,frame,measured,14,ABBA,candidate,5,483.958,52573,1
forest_s16,frame,measured,14,ABBA,baseline,4,453.854,55236,1
forest_s16,frame,measured,15,ABBA,baseline,6,459.323,55236,1
forest_s16,frame,measured,15,ABBA,candidate,7,494.48,52573,1
forest_s16,frame,measured,15,ABBA,candidate,7,465.833,52573,1
forest_s16,frame,measured,15,ABBA,baseline,6,443.021,55236,1
forest_s16,frame,measured,16,ABBA,baseline,8,432.396,55236,1
forest_s16,frame,measured,16,ABBA,candidate,9,448.177,52573,1
forest_s16,frame,measured,16,ABBA,candidate,9,465.833,52573,1
forest_s16,frame,measured,16,ABBA,baseline,8,422.291,55236,1
forest_s16,frame,measured,17,BAAB,candidate,11,481.146,52573,1
forest_s16,frame,measured,17,BAAB,baseline,10,456.771,55236,1
forest_s16,frame,measured,17,BAAB,baseline,10,440.208,55236,1
forest_s16,frame,measured,17,BAAB,candidate,11,458.125,52573,1
forest_s16,frame,measured,18,ABBA,baseline,12,488.438,55236,1
forest_s16,frame,measured,18,ABBA,candidate,13,485.886,52573,1
forest_s16,frame,measured,18,ABBA,candidate,13,463.125,52573,1
forest_s16,frame,measured,18,ABBA,baseline,12,422.812,55236,1
forest_s16,frame,measured,19,ABBA,baseline,14,421.719,55236,1
forest_s16,frame,measured,19,ABBA,candidate,15,448.646,52573,1
forest_s16,frame,measured,19,ABBA,candidate,15,446.25,52573,1
forest_s16,frame,measured,19,ABBA,baseline,14,437.812,55236,1
forest_s16,frame,measured,20,ABBA,baseline,16,432.709,55236,1
forest_s16,frame,measured,20,ABBA,candidate,17,499.896,52573,1
forest_s16,frame,measured,20,ABBA,candidate,17,459.375,52573,1
forest_s16,frame,measured,20,ABBA,baseline,16,436.823,55236,1
forest_s16,frame,measured,21,ABBA,baseline,18,425.677,55236,1
forest_s16,frame,measured,21,ABBA,candidate,19,482.292,52573,1
forest_s16,frame,measured,21,ABBA,candidate,19,450.677,52573,1
forest_s16,frame,measured,21,ABBA,baseline,18,442.656,55236,1
forest_s16,frame,measured,22,BAAB,candidate,21,479.479,52573,1
forest_s16,frame,measured,22,BAAB,baseline,20,434.011,55236,1
forest_s16,frame,measured,22,BAAB,baseline,20,444.74,55236,1
forest_s16,frame,measured,22,BAAB,candidate,21,482.917,52573,1
forest_s16,frame,measured,23,BAAB,candidate,23,448.385,52573,1
forest_s16,frame,measured,23,BAAB,baseline,22,434.583,55236,1
forest_s16,frame,measured,23,BAAB,baseline,22,433.073,55236,1
forest_s16,frame,measured,23,BAAB,candidate,23,446.562,52573,1
dark_s0,frame,warm,0,ABBA,baseline,0,506.562,88057,1
dark_s0,frame,warm,0,ABBA,candidate,1,542.969,75668,1
dark_s0,frame,warm,0,ABBA,candidate,1,494.896,75668,1
dark_s0,frame,warm,0,ABBA,baseline,0,490.208,88057,1
dark_s0,frame,warm,1,BAAB,candidate,3,492.5,75668,1
dark_s0,frame,warm,1,BAAB,baseline,2,489.375,88057,1
dark_s0,frame,warm,1,BAAB,baseline,2,504.323,88057,1
dark_s0,frame,warm,1,BAAB,candidate,3,531.875,75668,1
dark_s0,frame,warm,2,ABBA,baseline,4,508.177,88057,1
dark_s0,frame,warm,2,ABBA,candidate,5,525.885,75668,1
dark_s0,frame,warm,2,ABBA,candidate,5,492.5,75668,1
dark_s0,frame,warm,2,ABBA,baseline,4,565.104,88057,1
dark_s0,frame,warm,3,BAAB,candidate,7,531.094,75668,1
dark_s0,frame,warm,3,BAAB,baseline,6,503.907,88057,1
dark_s0,frame,warm,3,BAAB,baseline,6,495.782,88057,1
dark_s0,frame,warm,3,BAAB,candidate,7,525.157,75668,1
dark_s0,frame,warm,4,BAAB,candidate,9,493.281,75668,1
dark_s0,frame,warm,4,BAAB,baseline,8,486.25,88057,1
dark_s0,frame,warm,4,BAAB,baseline,8,502.708,88057,1
dark_s0,frame,warm,4,BAAB,candidate,9,522.812,75668,1
dark_s0,frame,warm,5,BAAB,candidate,11,505.156,75668,1
dark_s0,frame,warm,5,BAAB,baseline,10,505.208,88057,1
dark_s0,frame,warm,5,BAAB,baseline,10,482.864,88057,1
dark_s0,frame,warm,5,BAAB,candidate,11,521.771,75668,1
dark_s0,frame,warm,6,ABBA,baseline,12,484.532,88057,1
dark_s0,frame,warm,6,ABBA,candidate,13,524.687,75668,1
dark_s0,frame,warm,6,ABBA,candidate,13,511.406,75668,1
dark_s0,frame,warm,6,ABBA,baseline,12,522.917,88057,1
dark_s0,frame,warm,7,ABBA,baseline,14,504.74,88057,1
dark_s0,frame,warm,7,ABBA,candidate,15,502.448,75668,1
dark_s0,frame,warm,7,ABBA,candidate,15,492.135,75668,1
dark_s0,frame,warm,7,ABBA,baseline,14,483.385,88057,1
dark_s0,frame,warm,8,BAAB,candidate,17,521.875,75668,1
dark_s0,frame,warm,8,BAAB,baseline,16,473.177,88057,1
dark_s0,frame,warm,8,BAAB,baseline,16,484.636,88057,1
dark_s0,frame,warm,8,BAAB,candidate,17,493.333,75668,1
dark_s0,frame,warm,9,BAAB,candidate,19,489.219,75668,1
dark_s0,frame,warm,9,BAAB,baseline,18,475,88057,1
dark_s0,frame,warm,9,BAAB,baseline,18,483.385,88057,1
dark_s0,frame,warm,9,BAAB,candidate,19,487.5,75668,1
dark_s0,frame,warm,10,BAAB,candidate,21,488.646,75668,1
dark_s0,frame,warm,10,BAAB,baseline,20,495.677,88057,1
dark_s0,frame,warm,10,BAAB,baseline,20,482.135,88057,1
dark_s0,frame,warm,10,BAAB,candidate,21,523.021,75668,1
dark_s0,frame,warm,11,BAAB,candidate,23,561.51,75668,1
dark_s0,frame,warm,11,BAAB,baseline,22,508.541,88057,1
dark_s0,frame,warm,11,BAAB,baseline,22,490.886,88057,1
dark_s0,frame,warm,11,BAAB,candidate,23,489.01,75668,1
dark_s0,frame,measured,12,BAAB,candidate,1,494.427,75668,1
dark_s0,frame,measured,12,BAAB,baseline,0,486.927,88057,1
dark_s0,frame,measured,12,BAAB,baseline,0,486.042,88057,1
dark_s0,frame,measured,12,BAAB,candidate,1,488.229,75668,1
dark_s0,frame,measured,13,ABBA,baseline,2,484.375,88057,1
dark_s0,frame,measured,13,ABBA,candidate,3,521.667,75668,1
dark_s0,frame,measured,13,ABBA,candidate,3,489.687,75668,1
dark_s0,frame,measured,13,ABBA,baseline,2,485.625,88057,1
dark_s0,frame,measured,14,ABBA,baseline,4,482.292,88057,1
dark_s0,frame,measured,14,ABBA,candidate,5,490.938,75668,1
dark_s0,frame,measured,14,ABBA,candidate,5,496.355,75668,1
dark_s0,frame,measured,14,ABBA,baseline,4,483.177,88057,1
dark_s0,frame,measured,15,BAAB,candidate,7,486.875,75668,1
dark_s0,frame,measured,15,BAAB,baseline,6,483.073,88057,1
dark_s0,frame,measured,15,BAAB,baseline,6,492.813,88057,1
dark_s0,frame,measured,15,BAAB,candidate,7,526.562,75668,1
dark_s0,frame,measured,16,ABBA,baseline,8,506.511,88057,1
dark_s0,frame,measured,16,ABBA,candidate,9,512.396,75668,1
dark_s0,frame,measured,16,ABBA,candidate,9,488.958,75668,1
dark_s0,frame,measured,16,ABBA,baseline,8,485.468,88057,1
dark_s0,frame,measured,17,BAAB,candidate,11,488.385,75668,1
dark_s0,frame,measured,17,BAAB,baseline,10,484.531,88057,1
dark_s0,frame,measured,17,BAAB,baseline,10,540.937,88057,1
dark_s0,frame,measured,17,BAAB,candidate,11,495.26,75668,1
dark_s0,frame,measured,18,BAAB,candidate,13,488.698,75668,1
dark_s0,frame,measured,18,BAAB,baseline,12,483.02,88057,1
dark_s0,frame,measured,18,BAAB,baseline,12,469.74,88057,1
dark_s0,frame,measured,18,BAAB,candidate,13,492.605,75668,1
dark_s0,frame,measured,19,BAAB,candidate,15,524.74,75668,1
dark_s0,frame,measured,19,BAAB,baseline,14,474.948,88057,1
dark_s0,frame,measured,19,BAAB,baseline,14,519.062,88057,1
dark_s0,frame,measured,19,BAAB,candidate,15,532.344,75668,1
dark_s0,frame,measured,20,BAAB,candidate,17,504.114,75668,1
dark_s0,frame,measured,20,BAAB,baseline,16,477.083,88057,1
dark_s0,frame,measured,20,BAAB,baseline,16,476.979,88057,1
dark_s0,frame,measured,20,BAAB,candidate,17,505.885,75668,1
dark_s0,frame,measured,21,BAAB,candidate,19,491.927,75668,1
dark_s0,frame,measured,21,BAAB,baseline,18,500.989,88057,1
dark_s0,frame,measured,21,BAAB,baseline,18,483.698,88057,1
dark_s0,frame,measured,21,BAAB,candidate,19,485.521,75668,1
dark_s0,frame,measured,22,BAAB,candidate,21,485.521,75668,1
dark_s0,frame,measured,22,BAAB,baseline,20,480.885,88057,1
dark_s0,frame,measured,22,BAAB,baseline,20,481.198,88057,1
dark_s0,frame,measured,22,BAAB,candidate,21,484.739,75668,1
dark_s0,frame,measured,23,ABBA,baseline,22,481.51,88057,1
dark_s0,frame,measured,23,ABBA,candidate,23,485.625,75668,1
dark_s0,frame,measured,23,ABBA,candidate,23,507.917,75668,1
dark_s0,frame,measured,23,ABBA,baseline,22,507.656,88057,1
dark_s8,frame,warm,0,ABBA,baseline,0,532.344,87477,1
dark_s8,frame,warm,0,ABBA,candidate,1,545.417,75417,1
dark_s8,frame,warm,0,ABBA,candidate,1,508.594,75417,1
dark_s8,frame,warm,0,ABBA,baseline,0,485.365,87477,1
dark_s8,frame,warm,1,ABBA,baseline,2,481.459,87477,1
dark_s8,frame,warm,1,ABBA,candidate,3,491.51,75417,1
dark_s8,frame,warm,1,ABBA,candidate,3,492.709,75417,1
dark_s8,frame,warm,1,ABBA,baseline,2,502.76,87477,1
dark_s8,frame,warm,2,ABBA,baseline,4,484.115,87477,1
dark_s8,frame,warm,2,ABBA,candidate,5,492.865,75417,1
dark_s8,frame,warm,2,ABBA,candidate,5,506.51,75417,1
dark_s8,frame,warm,2,ABBA,baseline,4,504.219,87477,1
dark_s8,frame,warm,3,ABBA,baseline,6,480.625,87477,1
dark_s8,frame,warm,3,ABBA,candidate,7,489.792,75417,1
dark_s8,frame,warm,3,ABBA,candidate,7,491.146,75417,1
dark_s8,frame,warm,3,ABBA,baseline,6,482.916,87477,1
dark_s8,frame,warm,4,BAAB,candidate,9,526.98,75417,1
dark_s8,frame,warm,4,BAAB,baseline,8,535.886,87477,1
dark_s8,frame,warm,4,BAAB,baseline,8,488.855,87477,1
dark_s8,frame,warm,4,BAAB,candidate,9,526.979,75417,1
dark_s8,frame,warm,5,ABBA,baseline,10,478.646,87477,1
dark_s8,frame,warm,5,ABBA,candidate,11,499.635,75417,1
dark_s8,frame,warm,5,ABBA,candidate,11,495.572,75417,1
dark_s8,frame,warm,5,ABBA,baseline,10,491.875,87477,1
dark_s8,frame,warm,6,BAAB,candidate,13,495.416,75417,1
dark_s8,frame,warm,6,BAAB,baseline,12,486.407,87477,1
dark_s8,frame,warm,6,BAAB,baseline,12,484.323,87477,1
dark_s8,frame,warm,6,BAAB,candidate,13,496.979,75417,1
dark_s8,frame,warm,7,BAAB,candidate,15,498.542,75417,1
dark_s8,frame,warm,7,BAAB,baseline,14,487.76,87477,1
dark_s8,frame,warm,7,BAAB,baseline,14,481.666,87477,1
dark_s8,frame,warm,7,BAAB,candidate,15,498.49,75417,1
dark_s8,frame,warm,8,BAAB,candidate,17,499.063,75417,1
dark_s8,frame,warm,8,BAAB,baseline,16,481.875,87477,1
dark_s8,frame,warm,8,BAAB,baseline,16,546.354,87477,1
dark_s8,frame,warm,8,BAAB,candidate,17,504.531,75417,1
dark_s8,frame,warm,9,ABBA,baseline,18,472.917,87477,1
dark_s8,frame,warm,9,ABBA,candidate,19,495.26,75417,1
dark_s8,frame,warm,9,ABBA,candidate,19,492.552,75417,1
dark_s8,frame,warm,9,ABBA,baseline,18,487.865,87477,1
dark_s8,frame,warm,10,BAAB,candidate,21,505.417,75417,1
dark_s8,frame,warm,10,BAAB,baseline,20,472.292,87477,1
dark_s8,frame,warm,10,BAAB,baseline,20,481.51,87477,1
dark_s8,frame,warm,10,BAAB,candidate,21,499.74,75417,1
dark_s8,frame,warm,11,ABBA,baseline,22,483.959,87477,1
dark_s8,frame,warm,11,ABBA,candidate,23,496.562,75417,1
dark_s8,frame,warm,11,ABBA,candidate,23,497.761,75417,1
dark_s8,frame,warm,11,ABBA,baseline,22,479.427,87477,1
dark_s8,frame,measured,12,ABBA,baseline,0,479.531,87477,1
dark_s8,frame,measured,12,ABBA,candidate,1,506.458,75417,1
dark_s8,frame,measured,12,ABBA,candidate,1,488.281,75417,1
dark_s8,frame,measured,12,ABBA,baseline,0,511.979,87477,1
dark_s8,frame,measured,13,BAAB,candidate,3,496.614,75417,1
dark_s8,frame,measured,13,BAAB,baseline,2,476.302,87477,1
dark_s8,frame,measured,13,BAAB,baseline,2,486.718,87477,1
dark_s8,frame,measured,13,BAAB,candidate,3,500.625,75417,1
dark_s8,frame,measured,14,ABBA,baseline,4,480,87477,1
dark_s8,frame,measured,14,ABBA,candidate,5,489.219,75417,1
dark_s8,frame,measured,14,ABBA,candidate,5,490.364,75417,1
dark_s8,frame,measured,14,ABBA,baseline,4,469.531,87477,1
dark_s8,frame,measured,15,BAAB,candidate,7,490.52,75417,1
dark_s8,frame,measured,15,BAAB,baseline,6,549.479,87477,1
dark_s8,frame,measured,15,BAAB,baseline,6,481.562,87477,1
dark_s8,frame,measured,15,BAAB,candidate,7,489.948,75417,1
dark_s8,frame,measured,16,ABBA,baseline,8,468.49,87477,1
dark_s8,frame,measured,16,ABBA,candidate,9,501.459,75417,1
dark_s8,frame,measured,16,ABBA,candidate,9,492.917,75417,1
dark_s8,frame,measured,16,ABBA,baseline,8,484.844,87477,1
dark_s8,frame,measured,17,BAAB,candidate,11,494.375,75417,1
dark_s8,frame,measured,17,BAAB,baseline,10,498.854,87477,1
dark_s8,frame,measured,17,BAAB,baseline,10,483.333,87477,1
dark_s8,frame,measured,17,BAAB,candidate,11,496.823,75417,1
dark_s8,frame,measured,18,BAAB,candidate,13,493.542,75417,1
dark_s8,frame,measured,18,BAAB,baseline,12,479.167,87477,1
dark_s8,frame,measured,18,BAAB,baseline,12,466.719,87477,1
dark_s8,frame,measured,18,BAAB,candidate,13,491.25,75417,1
dark_s8,frame,measured,19,BAAB,candidate,15,493.855,75417,1
dark_s8,frame,measured,19,BAAB,baseline,14,475.26,87477,1
dark_s8,frame,measured,19,BAAB,baseline,14,486.666,87477,1
dark_s8,frame,measured,19,BAAB,candidate,15,495.312,75417,1
dark_s8,frame,measured,20,ABBA,baseline,16,484.271,87477,1
dark_s8,frame,measured,20,ABBA,candidate,17,494.948,75417,1
dark_s8,frame,measured,20,ABBA,candidate,17,497.864,75417,1
dark_s8,frame,measured,20,ABBA,baseline,16,483.125,87477,1
dark_s8,frame,measured,21,BAAB,candidate,19,489.584,75417,1
dark_s8,frame,measured,21,BAAB,baseline,18,470.781,87477,1
dark_s8,frame,measured,21,BAAB,baseline,18,478.23,87477,1
dark_s8,frame,measured,21,BAAB,candidate,19,586.041,75417,1
dark_s8,frame,measured,22,BAAB,candidate,21,515.208,75417,1
dark_s8,frame,measured,22,BAAB,baseline,20,468.958,87477,1
dark_s8,frame,measured,22,BAAB,baseline,20,503.75,87477,1
dark_s8,frame,measured,22,BAAB,candidate,21,522.136,75417,1
dark_s8,frame,measured,23,BAAB,candidate,23,495.729,75417,1
dark_s8,frame,measured,23,BAAB,baseline,22,488.75,87477,1
dark_s8,frame,measured,23,BAAB,baseline,22,478.334,87477,1
dark_s8,frame,measured,23,BAAB,candidate,23,492.5,75417,1
dark_s16,frame,warm,0,BAAB,candidate,1,524.427,75038,1
dark_s16,frame,warm,0,BAAB,baseline,0,510.052,87348,1
dark_s16,frame,warm,0,BAAB,baseline,0,510.104,87348,1
dark_s16,frame,warm,0,BAAB,candidate,1,528.073,75038,1
dark_s16,frame,warm,1,BAAB,candidate,3,510.729,75038,1
dark_s16,frame,warm,1,BAAB,baseline,2,505.364,87348,1
dark_s16,frame,warm,1,BAAB,baseline,2,490.416,87348,1
dark_s16,frame,warm,1,BAAB,candidate,3,527.813,75038,1
dark_s16,frame,warm,2,ABBA,baseline,4,512.396,87348,1
dark_s16,frame,warm,2,ABBA,candidate,5,497.969,75038,1
dark_s16,frame,warm,2,ABBA,candidate,5,492.343,75038,1
dark_s16,frame,warm,2,ABBA,baseline,4,494.219,87348,1
dark_s16,frame,warm,3,BAAB,candidate,7,529.27,75038,1
dark_s16,frame,warm,3,BAAB,baseline,6,485.99,87348,1
dark_s16,frame,warm,3,BAAB,baseline,6,488.177,87348,1
dark_s16,frame,warm,3,BAAB,candidate,7,495.834,75038,1
dark_s16,frame,warm,4,BAAB,candidate,9,495.156,75038,1
dark_s16,frame,warm,4,BAAB,baseline,8,480.364,87348,1
dark_s16,frame,warm,4,BAAB,baseline,8,483.646,87348,1
dark_s16,frame,warm,4,BAAB,candidate,9,493.594,75038,1
dark_s16,frame,warm,5,BAAB,candidate,11,491.354,75038,1
dark_s16,frame,warm,5,BAAB,baseline,10,482.656,87348,1
dark_s16,frame,warm,5,BAAB,baseline,10,477.447,87348,1
dark_s16,frame,warm,5,BAAB,candidate,11,524.427,75038,1
dark_s16,frame,warm,6,ABBA,baseline,12,526.458,87348,1
dark_s16,frame,warm,6,ABBA,candidate,13,533.542,75038,1
dark_s16,frame,warm,6,ABBA,candidate,13,497.187,75038,1
dark_s16,frame,warm,6,ABBA,baseline,12,473.802,87348,1
dark_s16,frame,warm,7,BAAB,candidate,15,506.562,75038,1
dark_s16,frame,warm,7,BAAB,baseline,14,503.802,87348,1
dark_s16,frame,warm,7,BAAB,baseline,14,482.031,87348,1
dark_s16,frame,warm,7,BAAB,candidate,15,490.573,75038,1
dark_s16,frame,warm,8,ABBA,baseline,16,482.552,87348,1
dark_s16,frame,warm,8,ABBA,candidate,17,505.104,75038,1
dark_s16,frame,warm,8,ABBA,candidate,17,488.698,75038,1
dark_s16,frame,warm,8,ABBA,baseline,16,490.26,87348,1
dark_s16,frame,warm,9,BAAB,candidate,19,487.187,75038,1
dark_s16,frame,warm,9,BAAB,baseline,18,502.343,87348,1
dark_s16,frame,warm,9,BAAB,baseline,18,500,87348,1
dark_s16,frame,warm,9,BAAB,candidate,19,529.01,75038,1
dark_s16,frame,warm,10,ABBA,baseline,20,486.198,87348,1
dark_s16,frame,warm,10,ABBA,candidate,21,554.74,75038,1
dark_s16,frame,warm,10,ABBA,candidate,21,531.406,75038,1
dark_s16,frame,warm,10,ABBA,baseline,20,490.677,87348,1
dark_s16,frame,warm,11,ABBA,baseline,22,484.791,87348,1
dark_s16,frame,warm,11,ABBA,candidate,23,503.75,75038,1
dark_s16,frame,warm,11,ABBA,candidate,23,528.906,75038,1
dark_s16,frame,warm,11,ABBA,baseline,22,482.552,87348,1
dark_s16,frame,measured,12,ABBA,baseline,0,480.99,87348,1
dark_s16,frame,measured,12,ABBA,candidate,1,489.218,75038,1
dark_s16,frame,measured,12,ABBA,candidate,1,547.864,75038,1
dark_s16,frame,measured,12,ABBA,baseline,0,487.552,87348,1
dark_s16,frame,measured,13,BAAB,candidate,3,488.646,75038,1
dark_s16,frame,measured,13,BAAB,baseline,2,471.823,87348,1
dark_s16,frame,measured,13,BAAB,baseline,2,469.896,87348,1
dark_s16,frame,measured,13,BAAB,candidate,3,490.312,75038,1
dark_s16,frame,measured,14,BAAB,candidate,5,489.583,75038,1
dark_s16,frame,measured,14,BAAB,baseline,4,486.615,87348,1
dark_s16,frame,measured,14,BAAB,baseline,4,511.979,87348,1
dark_s16,frame,measured,14,BAAB,candidate,5,525.573,75038,1
dark_s16,frame,measured,15,ABBA,baseline,6,482.448,87348,1
dark_s16,frame,measured,15,ABBA,candidate,7,488.385,75038,1
dark_s16,frame,measured,15,ABBA,candidate,7,488.073,75038,1
dark_s16,frame,measured,15,ABBA,baseline,6,492.239,87348,1
dark_s16,frame,measured,16,ABBA,baseline,8,473.073,87348,1
dark_s16,frame,measured,16,ABBA,candidate,9,513.438,75038,1
dark_s16,frame,measured,16,ABBA,candidate,9,497.135,75038,1
dark_s16,frame,measured,16,ABBA,baseline,8,486.042,87348,1
dark_s16,frame,measured,17,BAAB,candidate,11,488.229,75038,1
dark_s16,frame,measured,17,BAAB,baseline,10,469.635,87348,1
dark_s16,frame,measured,17,BAAB,baseline,10,480.625,87348,1
dark_s16,frame,measured,17,BAAB,candidate,11,489.687,75038,1
dark_s16,frame,measured,18,ABBA,baseline,12,474.688,87348,1
dark_s16,frame,measured,18,ABBA,candidate,13,488.854,75038,1
dark_s16,frame,measured,18,ABBA,candidate,13,490.677,75038,1
dark_s16,frame,measured,18,ABBA,baseline,12,491.094,87348,1
dark_s16,frame,measured,19,BAAB,candidate,15,524.271,75038,1
dark_s16,frame,measured,19,BAAB,baseline,14,481.823,87348,1
dark_s16,frame,measured,19,BAAB,baseline,14,480.521,87348,1
dark_s16,frame,measured,19,BAAB,candidate,15,494.74,75038,1
dark_s16,frame,measured,20,ABBA,baseline,16,499.48,87348,1
dark_s16,frame,measured,20,ABBA,candidate,17,524.948,75038,1
dark_s16,frame,measured,20,ABBA,candidate,17,496.406,75038,1
dark_s16,frame,measured,20,ABBA,baseline,16,482.813,87348,1
dark_s16,frame,measured,21,BAAB,candidate,19,498.542,75038,1
dark_s16,frame,measured,21,BAAB,baseline,18,471.666,87348,1
dark_s16,frame,measured,21,BAAB,baseline,18,476.25,87348,1
dark_s16,frame,measured,21,BAAB,candidate,19,510.209,75038,1
dark_s16,frame,measured,22,BAAB,candidate,21,527.864,75038,1
dark_s16,frame,measured,22,BAAB,baseline,20,505,87348,1
dark_s16,frame,measured,22,BAAB,baseline,20,481.303,87348,1
dark_s16,frame,measured,22,BAAB,candidate,21,497.031,75038,1
dark_s16,frame,measured,23,BAAB,candidate,23,567.448,75038,1
dark_s16,frame,measured,23,BAAB,baseline,22,481.146,87348,1
dark_s16,frame,measured,23,BAAB,baseline,22,481.511,87348,1
dark_s16,frame,measured,23,BAAB,candidate,23,494.219,75038,1
forest_0to8,residual,warm,0,BAAB,candidate,1,443.959,44595,1
forest_0to8,residual,warm,0,BAAB,baseline,0,454.636,47475,1
forest_0to8,residual,warm,0,BAAB,baseline,0,426.458,47475,1
forest_0to8,residual,warm,0,BAAB,candidate,1,440.156,44595,1
forest_0to8,residual,warm,1,BAAB,candidate,3,445.678,44595,1
forest_0to8,residual,warm,1,BAAB,baseline,2,412.812,47475,1
forest_0to8,residual,warm,1,BAAB,baseline,2,418.489,47475,1
forest_0to8,residual,warm,1,BAAB,candidate,3,425.208,44595,1
forest_0to8,residual,warm,2,ABBA,baseline,4,411.042,47475,1
forest_0to8,residual,warm,2,ABBA,candidate,5,424.01,44595,1
forest_0to8,residual,warm,2,ABBA,candidate,5,428.334,44595,1
forest_0to8,residual,warm,2,ABBA,baseline,4,399.792,47475,1
forest_0to8,residual,warm,3,ABBA,baseline,6,429.323,47475,1
forest_0to8,residual,warm,3,ABBA,candidate,7,459.166,44595,1
forest_0to8,residual,warm,3,ABBA,candidate,7,490.364,44595,1
forest_0to8,residual,warm,3,ABBA,baseline,6,421.614,47475,1
forest_0to8,residual,warm,4,ABBA,baseline,8,417.761,47475,1
forest_0to8,residual,warm,4,ABBA,candidate,9,456.615,44595,1
forest_0to8,residual,warm,4,ABBA,candidate,9,456.823,44595,1
forest_0to8,residual,warm,4,ABBA,baseline,8,431.458,47475,1
forest_0to8,residual,warm,5,ABBA,baseline,10,415.157,47475,1
forest_0to8,residual,warm,5,ABBA,candidate,11,457.5,44595,1
forest_0to8,residual,warm,5,ABBA,candidate,11,455.625,44595,1
forest_0to8,residual,warm,5,ABBA,baseline,10,430.365,47475,1
forest_0to8,residual,warm,6,ABBA,baseline,12,434.479,47475,1
forest_0to8,residual,warm,6,ABBA,candidate,13,435.365,44595,1
forest_0to8,residual,warm,6,ABBA,candidate,13,420.781,44595,1
forest_0to8,residual,warm,6,ABBA,baseline,12,409.166,47475,1
forest_0to8,residual,warm,7,ABBA,baseline,14,397.032,47475,1
forest_0to8,residual,warm,7,ABBA,candidate,15,420.364,44595,1
forest_0to8,residual,warm,7,ABBA,candidate,15,419.635,44595,1
forest_0to8,residual,warm,7,ABBA,baseline,14,409.844,47475,1
forest_0to8,residual,warm,8,ABBA,baseline,16,427.656,47475,1
forest_0to8,residual,warm,8,ABBA,candidate,17,421.979,44595,1
forest_0to8,residual,warm,8,ABBA,candidate,17,419.479,44595,1
forest_0to8,residual,warm,8,ABBA,baseline,16,417.083,47475,1
forest_0to8,residual,warm,9,BAAB,candidate,19,435.937,44595,1
forest_0to8,residual,warm,9,BAAB,baseline,18,397.396,47475,1
forest_0to8,residual,warm,9,BAAB,baseline,18,406.823,47475,1
forest_0to8,residual,warm,9,BAAB,candidate,19,455.625,44595,1
forest_0to8,residual,warm,10,BAAB,candidate,21,440.573,44595,1
forest_0to8,residual,warm,10,BAAB,baseline,20,408.49,47475,1
forest_0to8,residual,warm,10,BAAB,baseline,20,448.75,47475,1
forest_0to8,residual,warm,10,BAAB,candidate,21,429.791,44595,1
forest_0to8,residual,warm,11,BAAB,candidate,23,422.084,44595,1
forest_0to8,residual,warm,11,BAAB,baseline,22,396.927,47475,1
forest_0to8,residual,warm,11,BAAB,baseline,22,409.427,47475,1
forest_0to8,residual,warm,11,BAAB,candidate,23,453.646,44595,1
forest_0to8,residual,measured,12,ABBA,baseline,0,395.833,47475,1
forest_0to8,residual,measured,12,ABBA,candidate,1,420.468,44595,1
forest_0to8,residual,measured,12,ABBA,candidate,1,419.531,44595,1
forest_0to8,residual,measured,12,ABBA,baseline,0,419.167,47475,1
forest_0to8,residual,measured,13,BAAB,candidate,3,463.438,44595,1
forest_0to8,residual,measured,13,BAAB,baseline,2,425.833,47475,1
forest_0to8,residual,measured,13,BAAB,baseline,2,407.344,47475,1
forest_0to8,residual,measured,13,BAAB,candidate,3,422.813,44595,1
forest_0to8,residual,measured,14,ABBA,baseline,4,426.875,47475,1
forest_0to8,residual,measured,14,ABBA,candidate,5,421.197,44595,1
forest_0to8,residual,measured,14,ABBA,candidate,5,418.854,44595,1
forest_0to8,residual,measured,14,ABBA,baseline,4,417.396,47475,1
forest_0to8,residual,measured,15,ABBA,baseline,6,412.291,47475,1
forest_0to8,residual,measured,15,ABBA,candidate,7,419.375,44595,1
forest_0to8,residual,measured,15,ABBA,candidate,7,419.271,44595,1
forest_0to8,residual,measured,15,ABBA,baseline,6,408.438,47475,1
forest_0to8,residual,measured,16,BAAB,candidate,9,418.75,44595,1
forest_0to8,residual,measured,16,BAAB,baseline,8,407.083,47475,1
forest_0to8,residual,measured,16,BAAB,baseline,8,404.062,47475,1
forest_0to8,residual,measured,16,BAAB,candidate,9,437.812,44595,1
forest_0to8,residual,measured,17,BAAB,candidate,11,419.375,44595,1
forest_0to8,residual,measured,17,BAAB,baseline,10,408.386,47475,1
forest_0to8,residual,measured,17,BAAB,baseline,10,406.146,47475,1
forest_0to8,residual,measured,17,BAAB,candidate,11,458.282,44595,1
forest_0to8,residual,measured,18,BAAB,candidate,13,454.375,44595,1
forest_0to8,residual,measured,18,BAAB,baseline,12,427.552,47475,1
forest_0to8,residual,measured,18,BAAB,baseline,12,406.302,47475,1
forest_0to8,residual,measured,18,BAAB,candidate,13,417.865,44595,1
forest_0to8,residual,measured,19,ABBA,baseline,14,405.989,47475,1
forest_0to8,residual,measured,19,ABBA,candidate,15,453.073,44595,1
forest_0to8,residual,measured,19,ABBA,candidate,15,433.958,44595,1
forest_0to8,residual,measured,19,ABBA,baseline,14,417.916,47475,1
forest_0to8,residual,measured,20,ABBA,baseline,16,412.917,47475,1
forest_0to8,residual,measured,20,ABBA,candidate,17,452.136,44595,1
forest_0to8,residual,measured,20,ABBA,candidate,17,418.489,44595,1
forest_0to8,residual,measured,20,ABBA,baseline,16,426.145,47475,1
forest_0to8,residual,measured,21,BAAB,candidate,19,418.333,44595,1
forest_0to8,residual,measured,21,BAAB,baseline,18,415.468,47475,1
forest_0to8,residual,measured,21,BAAB,baseline,18,406.354,47475,1
forest_0to8,residual,measured,21,BAAB,candidate,19,420.313,44595,1
forest_0to8,residual,measured,22,BAAB,candidate,21,419.166,44595,1
forest_0to8,residual,measured,22,BAAB,baseline,20,407.917,47475,1
forest_0to8,residual,measured,22,BAAB,baseline,20,425.99,47475,1
forest_0to8,residual,measured,22,BAAB,candidate,21,455.417,44595,1
forest_0to8,residual,measured,23,BAAB,candidate,23,419.635,44595,1
forest_0to8,residual,measured,23,BAAB,baseline,22,408.229,47475,1
forest_0to8,residual,measured,23,BAAB,baseline,22,404.219,47475,1
forest_0to8,residual,measured,23,BAAB,candidate,23,455.104,44595,1
forest_8to16,residual,warm,0,ABBA,baseline,0,436.094,47194,1
forest_8to16,residual,warm,0,ABBA,candidate,1,440,44612,1
forest_8to16,residual,warm,0,ABBA,candidate,1,460.833,44612,1
forest_8to16,residual,warm,0,ABBA,baseline,0,429.635,47194,1
forest_8to16,residual,warm,1,BAAB,candidate,3,421.146,44612,1
forest_8to16,residual,warm,1,BAAB,baseline,2,409.843,47194,1
forest_8to16,residual,warm,1,BAAB,baseline,2,426.459,47194,1
forest_8to16,residual,warm,1,BAAB,candidate,3,420.416,44612,1
forest_8to16,residual,warm,2,ABBA,baseline,4,397.656,47194,1
forest_8to16,residual,warm,2,ABBA,candidate,5,421.094,44612,1
forest_8to16,residual,warm,2,ABBA,candidate,5,420.156,44612,1
forest_8to16,residual,warm,2,ABBA,baseline,4,417.24,47194,1
forest_8to16,residual,warm,3,ABBA,baseline,6,409.01,47194,1
forest_8to16,residual,warm,3,ABBA,candidate,7,489.323,44612,1
forest_8to16,residual,warm,3,ABBA,candidate,7,443.906,44612,1
forest_8to16,residual,warm,3,ABBA,baseline,6,408.125,47194,1
forest_8to16,residual,warm,4,BAAB,candidate,9,420.312,44612,1
forest_8to16,residual,warm,4,BAAB,baseline,8,397.552,47194,1
forest_8to16,residual,warm,4,BAAB,baseline,8,406.354,47194,1
forest_8to16,residual,warm,4,BAAB,candidate,9,419.375,44612,1
forest_8to16,residual,warm,5,BAAB,candidate,11,420.104,44612,1
forest_8to16,residual,warm,5,BAAB,baseline,10,395.885,47194,1
forest_8to16,residual,warm,5,BAAB,baseline,10,427.031,47194,1
forest_8to16,residual,warm,5,BAAB,candidate,11,454.896,44612,1
forest_8to16,residual,warm,6,BAAB,candidate,13,419.584,44612,1
forest_8to16,residual,warm,6,BAAB,baseline,12,428.386,47194,1
forest_8to16,residual,warm,6,BAAB,baseline,12,405.573,47194,1
forest_8to16,residual,warm,6,BAAB,candidate,13,418.646,44612,1
forest_8to16,residual,warm,7,BAAB,candidate,15,423.021,44612,1
forest_8to16,residual,warm,7,BAAB,baseline,14,405.729,47194,1
forest_8to16,residual,warm,7,BAAB,baseline,14,392.656,47194,1
forest_8to16,residual,warm,7,BAAB,candidate,15,418.906,44612,1
forest_8to16,residual,warm,8,BAAB,candidate,17,421.927,44612,1
forest_8to16,residual,warm,8,BAAB,baseline,16,418.281,47194,1
forest_8to16,residual,warm,8,BAAB,baseline,16,424.635,47194,1
forest_8to16,residual,warm,8,BAAB,candidate,17,419.531,44612,1
forest_8to16,residual,warm,9,ABBA,baseline,18,405.625,47194,1
forest_8to16,residual,warm,9,ABBA,candidate,19,423.334,44612,1
forest_8to16,residual,warm,9,ABBA,candidate,19,417.813,44612,1
forest_8to16,residual,warm,9,ABBA,baseline,18,406.458,47194,1
forest_8to16,residual,warm,10,ABBA,baseline,20,403.959,47194,1
forest_8to16,residual,warm,10,ABBA,candidate,21,418.698,44612,1
forest_8to16,residual,warm,10,ABBA,candidate,21,419.74,44612,1
forest_8to16,residual,warm,10,ABBA,baseline,20,424.948,47194,1
forest_8to16,residual,warm,11,ABBA,baseline,22,416.146,47194,1
forest_8to16,residual,warm,11,ABBA,candidate,23,422.083,44612,1
forest_8to16,residual,warm,11,ABBA,candidate,23,418.438,44612,1
forest_8to16,residual,warm,11,ABBA,baseline,22,407.605,47194,1
forest_8to16,residual,measured,12,BAAB,candidate,1,453.906,44612,1
forest_8to16,residual,measured,12,BAAB,baseline,0,405.729,47194,1
forest_8to16,residual,measured,12,BAAB,baseline,0,409.583,47194,1
forest_8to16,residual,measured,12,BAAB,candidate,1,419.115,44612,1
forest_8to16,residual,measured,13,ABBA,baseline,2,437.813,47194,1
forest_8to16,residual,measured,13,ABBA,candidate,3,461.875,44612,1
forest_8to16,residual,measured,13,ABBA,candidate,3,419.323,44612,1
forest_8to16,residual,measured,13,ABBA,baseline,2,395.052,47194,1
forest_8to16,residual,measured,14,BAAB,candidate,5,419.479,44612,1
forest_8to16,residual,measured,14,BAAB,baseline,4,412.083,47194,1
forest_8to16,residual,measured,14,BAAB,baseline,4,403.854,47194,1
forest_8to16,residual,measured,14,BAAB,candidate,5,417.396,44612,1
forest_8to16,residual,measured,15,ABBA,baseline,6,405.521,47194,1
forest_8to16,residual,measured,15,ABBA,candidate,7,418.073,44612,1
forest_8to16,residual,measured,15,ABBA,candidate,7,419.375,44612,1
forest_8to16,residual,measured,15,ABBA,baseline,6,425.261,47194,1
forest_8to16,residual,measured,16,ABBA,baseline,8,411.406,47194,1
forest_8to16,residual,measured,16,ABBA,candidate,9,416.823,44612,1
forest_8to16,residual,measured,16,ABBA,candidate,9,419.062,44612,1
forest_8to16,residual,measured,16,ABBA,baseline,8,405,47194,1
forest_8to16,residual,measured,17,ABBA,baseline,10,405.573,47194,1
forest_8to16,residual,measured,17,ABBA,candidate,11,418.646,44612,1
forest_8to16,residual,measured,17,ABBA,candidate,11,418.906,44612,1
forest_8to16,residual,measured,17,ABBA,baseline,10,405.26,47194,1
forest_8to16,residual,measured,18,BAAB,candidate,13,429.167,44612,1
forest_8to16,residual,measured,18,BAAB,baseline,12,433.021,47194,1
forest_8to16,residual,measured,18,BAAB,baseline,12,422.396,47194,1
forest_8to16,residual,measured,18,BAAB,candidate,13,417.656,44612,1
forest_8to16,residual,measured,19,ABBA,baseline,14,407.656,47194,1
forest_8to16,residual,measured,19,ABBA,candidate,15,424.219,44612,1
forest_8to16,residual,measured,19,ABBA,candidate,15,419.062,44612,1
forest_8to16,residual,measured,19,ABBA,baseline,14,406.615,47194,1
forest_8to16,residual,measured,20,ABBA,baseline,16,406.354,47194,1
forest_8to16,residual,measured,20,ABBA,candidate,17,452.136,44612,1
forest_8to16,residual,measured,20,ABBA,candidate,17,418.542,44612,1
forest_8to16,residual,measured,20,ABBA,baseline,16,424.635,47194,1
forest_8to16,residual,measured,21,ABBA,baseline,18,421.771,47194,1
forest_8to16,residual,measured,21,ABBA,candidate,19,451.771,44612,1
forest_8to16,residual,measured,21,ABBA,candidate,19,418.802,44612,1
forest_8to16,residual,measured,21,ABBA,baseline,18,407.447,47194,1
forest_8to16,residual,measured,22,BAAB,candidate,21,434.323,44612,1
forest_8to16,residual,measured,22,BAAB,baseline,20,429.635,47194,1
forest_8to16,residual,measured,22,BAAB,baseline,20,419.166,47194,1
forest_8to16,residual,measured,22,BAAB,candidate,21,463.594,44612,1
forest_8to16,residual,measured,23,BAAB,candidate,23,454.896,44612,1
forest_8to16,residual,measured,23,BAAB,baseline,22,405.834,47194,1
forest_8to16,residual,measured,23,BAAB,baseline,22,403.437,47194,1
forest_8to16,residual,measured,23,BAAB,candidate,23,434.375,44612,1
dark_0to8,residual,warm,0,ABBA,baseline,0,473.333,62851,1
dark_0to8,residual,warm,0,ABBA,candidate,1,473.594,57405,1
dark_0to8,residual,warm,0,ABBA,candidate,1,457.709,57405,1
dark_0to8,residual,warm,0,ABBA,baseline,0,459.948,62851,1
dark_0to8,residual,warm,1,ABBA,baseline,2,459.323,62851,1
dark_0to8,residual,warm,1,ABBA,candidate,3,456.823,57405,1
dark_0to8,residual,warm,1,ABBA,candidate,3,470.364,57405,1
dark_0to8,residual,warm,1,ABBA,baseline,2,457.031,62851,1
dark_0to8,residual,warm,2,ABBA,baseline,4,435.26,62851,1
dark_0to8,residual,warm,2,ABBA,candidate,5,455.677,57405,1
dark_0to8,residual,warm,2,ABBA,candidate,5,491.614,57405,1
dark_0to8,residual,warm,2,ABBA,baseline,4,458.178,62851,1
dark_0to8,residual,warm,3,ABBA,baseline,6,462.447,62851,1
dark_0to8,residual,warm,3,ABBA,candidate,7,535.885,57405,1
dark_0to8,residual,warm,3,ABBA,candidate,7,492.239,57405,1
dark_0to8,residual,warm,3,ABBA,baseline,6,467.344,62851,1
dark_0to8,residual,warm,4,ABBA,baseline,8,449.74,62851,1
dark_0to8,residual,warm,4,ABBA,candidate,9,488.229,57405,1
dark_0to8,residual,warm,4,ABBA,candidate,9,491.562,57405,1
dark_0to8,residual,warm,4,ABBA,baseline,8,456.511,62851,1
dark_0to8,residual,warm,5,BAAB,candidate,11,491.25,57405,1
dark_0to8,residual,warm,5,BAAB,baseline,10,460.833,62851,1
dark_0to8,residual,warm,5,BAAB,baseline,10,451.927,62851,1
dark_0to8,residual,warm,5,BAAB,candidate,11,487.864,57405,1
dark_0to8,residual,warm,6,BAAB,candidate,13,480.365,57405,1
dark_0to8,residual,warm,6,BAAB,baseline,12,444.635,62851,1
dark_0to8,residual,warm,6,BAAB,baseline,12,434.375,62851,1
dark_0to8,residual,warm,6,BAAB,candidate,13,466.302,57405,1
dark_0to8,residual,warm,7,BAAB,candidate,15,452.135,57405,1
dark_0to8,residual,warm,7,BAAB,baseline,14,468.021,62851,1
dark_0to8,residual,warm,7,BAAB,baseline,14,440.885,62851,1
dark_0to8,residual,warm,7,BAAB,candidate,15,454.635,57405,1
dark_0to8,residual,warm,8,BAAB,candidate,17,463.855,57405,1
dark_0to8,residual,warm,8,BAAB,baseline,16,438.073,62851,1
dark_0to8,residual,warm,8,BAAB,baseline,16,438.854,62851,1
dark_0to8,residual,warm,8,BAAB,candidate,17,454.323,57405,1
dark_0to8,residual,warm,9,ABBA,baseline,18,422.709,62851,1
dark_0to8,residual,warm,9,ABBA,candidate,19,460,57405,1
dark_0to8,residual,warm,9,ABBA,candidate,19,452.448,57405,1
dark_0to8,residual,warm,9,ABBA,baseline,18,437.865,62851,1
dark_0to8,residual,warm,10,BAAB,candidate,21,512.187,57405,1
dark_0to8,residual,warm,10,BAAB,baseline,20,442.135,62851,1
dark_0to8,residual,warm,10,BAAB,baseline,20,437.865,62851,1
dark_0to8,residual,warm,10,BAAB,candidate,21,459.375,57405,1
dark_0to8,residual,warm,11,ABBA,baseline,22,433.125,62851,1
dark_0to8,residual,warm,11,ABBA,candidate,23,452.135,57405,1
dark_0to8,residual,warm,11,ABBA,candidate,23,452.656,57405,1
dark_0to8,residual,warm,11,ABBA,baseline,22,434.27,62851,1
dark_0to8,residual,measured,12,ABBA,baseline,0,419.323,62851,1
dark_0to8,residual,measured,12,ABBA,candidate,1,459.583,57405,1
dark_0to8,residual,measured,12,ABBA,candidate,1,457.552,57405,1
dark_0to8,residual,measured,12,ABBA,baseline,0,438.229,62851,1
dark_0to8,residual,measured,13,ABBA,baseline,2,421.875,62851,1
dark_0to8,residual,measured,13,ABBA,candidate,3,459.895,57405,1
dark_0to8,residual,measured,13,ABBA,candidate,3,450.885,57405,1
dark_0to8,residual,measured,13,ABBA,baseline,2,439.375,62851,1
dark_0to8,residual,measured,14,BAAB,candidate,5,468.958,57405,1
dark_0to8,residual,measured,14,BAAB,baseline,4,432.708,62851,1
dark_0to8,residual,measured,14,BAAB,baseline,4,432.24,62851,1
dark_0to8,residual,measured,14,BAAB,candidate,5,462.448,57405,1
dark_0to8,residual,measured,15,ABBA,baseline,6,442.031,62851,1
dark_0to8,residual,measured,15,ABBA,candidate,7,463.438,57405,1
dark_0to8,residual,measured,15,ABBA,candidate,7,453.333,57405,1
dark_0to8,residual,measured,15,ABBA,baseline,6,437.24,62851,1
dark_0to8,residual,measured,16,BAAB,candidate,9,457.344,57405,1
dark_0to8,residual,measured,16,BAAB,baseline,8,432.761,62851,1
dark_0to8,residual,measured,16,BAAB,baseline,8,432.5,62851,1
dark_0to8,residual,measured,16,BAAB,candidate,9,451.771,57405,1
dark_0to8,residual,measured,17,ABBA,baseline,10,487.135,62851,1
dark_0to8,residual,measured,17,ABBA,candidate,11,503.542,57405,1
dark_0to8,residual,measured,17,ABBA,candidate,11,458.489,57405,1
dark_0to8,residual,measured,17,ABBA,baseline,10,438.802,62851,1
dark_0to8,residual,measured,18,BAAB,candidate,13,458.49,57405,1
dark_0to8,residual,measured,18,BAAB,baseline,12,433.177,62851,1
dark_0to8,residual,measured,18,BAAB,baseline,12,420,62851,1
dark_0to8,residual,measured,18,BAAB,candidate,13,455.937,57405,1
dark_0to8,residual,measured,19,ABBA,baseline,14,427.344,62851,1
dark_0to8,residual,measured,19,ABBA,candidate,15,452.552,57405,1
dark_0to8,residual,measured,19,ABBA,candidate,15,490.782,57405,1
dark_0to8,residual,measured,19,ABBA,baseline,14,452.292,62851,1
dark_0to8,residual,measured,20,ABBA,baseline,16,450.26,62851,1
dark_0to8,residual,measured,20,ABBA,candidate,17,465.521,57405,1
dark_0to8,residual,measured,20,ABBA,candidate,17,486.771,57405,1
dark_0to8,residual,measured,20,ABBA,baseline,16,433.854,62851,1
dark_0to8,residual,measured,21,BAAB,candidate,19,485.729,57405,1
dark_0to8,residual,measured,21,BAAB,baseline,18,443.542,62851,1
dark_0to8,residual,measured,21,BAAB,baseline,18,452.187,62851,1
dark_0to8,residual,measured,21,BAAB,candidate,19,458.958,57405,1
dark_0to8,residual,measured,22,ABBA,baseline,20,439.636,62851,1
dark_0to8,residual,measured,22,ABBA,candidate,21,451.094,57405,1
dark_0to8,residual,measured,22,ABBA,candidate,21,458.177,57405,1
dark_0to8,residual,measured,22,ABBA,baseline,20,437.812,62851,1
dark_0to8,residual,measured,23,ABBA,baseline,22,430.886,62851,1
dark_0to8,residual,measured,23,ABBA,candidate,23,464.636,57405,1
dark_0to8,residual,measured,23,ABBA,candidate,23,452.187,57405,1
dark_0to8,residual,measured,23,ABBA,baseline,22,439.532,62851,1
dark_8to16,residual,warm,0,ABBA,baseline,0,448.646,61371,1
dark_8to16,residual,warm,0,ABBA,candidate,1,506.25,56502,1
dark_8to16,residual,warm,0,ABBA,candidate,1,455.417,56502,1
dark_8to16,residual,warm,0,ABBA,baseline,0,436.094,61371,1
dark_8to16,residual,warm,1,BAAB,candidate,3,456.562,56502,1
dark_8to16,residual,warm,1,BAAB,baseline,2,459.583,61371,1
dark_8to16,residual,warm,1,BAAB,baseline,2,454.01,61371,1
dark_8to16,residual,warm,1,BAAB,candidate,3,491.25,56502,1
dark_8to16,residual,warm,2,BAAB,candidate,5,524.792,56502,1
dark_8to16,residual,warm,2,BAAB,baseline,4,462.552,61371,1
dark_8to16,residual,warm,2,BAAB,baseline,4,453.802,61371,1
dark_8to16,residual,warm,2,BAAB,candidate,5,454.115,56502,1
dark_8to16,residual,warm,3,BAAB,candidate,7,459.792,56502,1
dark_8to16,residual,warm,3,BAAB,baseline,6,433.542,61371,1
dark_8to16,residual,warm,3,BAAB,baseline,6,432.604,61371,1
dark_8to16,residual,warm,3,BAAB,candidate,7,462.865,56502,1
dark_8to16,residual,warm,4,ABBA,baseline,8,435,61371,1
dark_8to16,residual,warm,4,ABBA,candidate,9,465.104,56502,1
dark_8to16,residual,warm,4,ABBA,candidate,9,487.136,56502,1
dark_8to16,residual,warm,4,ABBA,baseline,8,454.791,61371,1
dark_8to16,residual,warm,5,ABBA,baseline,10,452.5,61371,1
dark_8to16,residual,warm,5,ABBA,candidate,11,451.666,56502,1
dark_8to16,residual,warm,5,ABBA,candidate,11,455.625,56502,1
dark_8to16,residual,warm,5,ABBA,baseline,10,453.178,61371,1
dark_8to16,residual,warm,6,ABBA,baseline,12,452.135,61371,1
dark_8to16,residual,warm,6,ABBA,candidate,13,451.042,56502,1
dark_8to16,residual,warm,6,ABBA,candidate,13,487.083,56502,1
dark_8to16,residual,warm,6,ABBA,baseline,12,457.343,61371,1
dark_8to16,residual,warm,7,ABBA,baseline,14,437.343,61371,1
dark_8to16,residual,warm,7,ABBA,candidate,15,474.011,56502,1
dark_8to16,residual,warm,7,ABBA,candidate,15,453.178,56502,1
dark_8to16,residual,warm,7,ABBA,baseline,14,433.49,61371,1
dark_8to16,residual,warm,8,ABBA,baseline,16,430.521,61371,1
dark_8to16,residual,warm,8,ABBA,candidate,17,451.459,56502,1
dark_8to16,residual,warm,8,ABBA,candidate,17,450.573,56502,1
dark_8to16,residual,warm,8,ABBA,baseline,16,433.177,61371,1
dark_8to16,residual,warm,9,BAAB,candidate,19,450.937,56502,1
dark_8to16,residual,warm,9,BAAB,baseline,18,481.302,61371,1
dark_8to16,residual,warm,9,BAAB,baseline,18,440.416,61371,1
dark_8to16,residual,warm,9,BAAB,candidate,19,473.698,56502,1
dark_8to16,residual,warm,10,BAAB,candidate,21,452.604,56502,1
dark_8to16,residual,warm,10,BAAB,baseline,20,454.323,61371,1
dark_8to16,residual,warm,10,BAAB,baseline,20,445.104,61371,1
dark_8to16,residual,warm,10,BAAB,candidate,21,485.677,56502,1
dark_8to16,residual,warm,11,ABBA,baseline,22,433.178,61371,1
dark_8to16,residual,warm,11,ABBA,candidate,23,529.583,56502,1
dark_8to16,residual,warm,11,ABBA,candidate,23,479.166,56502,1
dark_8to16,residual,warm,11,ABBA,baseline,22,434.584,61371,1
dark_8to16,residual,measured,12,ABBA,baseline,0,436.406,61371,1
dark_8to16,residual,measured,12,ABBA,candidate,1,470.209,56502,1
dark_8to16,residual,measured,12,ABBA,candidate,1,451.823,56502,1
dark_8to16,residual,measured,12,ABBA,baseline,0,431.615,61371,1
dark_8to16,residual,measured,13,ABBA,baseline,2,449.427,61371,1
dark_8to16,residual,measured,13,ABBA,candidate,3,450.833,56502,1
dark_8to16,residual,measured,13,ABBA,candidate,3,456.927,56502,1
dark_8to16,residual,measured,13,ABBA,baseline,2,431.927,61371,1
dark_8to16,residual,measured,14,BAAB,candidate,5,450.729,56502,1
dark_8to16,residual,measured,14,BAAB,baseline,4,431.563,61371,1
dark_8to16,residual,measured,14,BAAB,baseline,4,451.198,61371,1
dark_8to16,residual,measured,14,BAAB,candidate,5,451.354,56502,1
dark_8to16,residual,measured,15,ABBA,baseline,6,430.886,61371,1
dark_8to16,residual,measured,15,ABBA,candidate,7,483.646,56502,1
dark_8to16,residual,measured,15,ABBA,candidate,7,469.792,56502,1
dark_8to16,residual,measured,15,ABBA,baseline,6,463.906,61371,1
dark_8to16,residual,measured,16,BAAB,candidate,9,490.052,56502,1
dark_8to16,residual,measured,16,BAAB,baseline,8,432.812,61371,1
dark_8to16,residual,measured,16,BAAB,baseline,8,430.99,61371,1
dark_8to16,residual,measured,16,BAAB,candidate,9,450,56502,1
dark_8to16,residual,measured,17,BAAB,candidate,11,450.416,56502,1
dark_8to16,residual,measured,17,BAAB,baseline,10,420.313,61371,1
dark_8to16,residual,measured,17,BAAB,baseline,10,426.25,61371,1
dark_8to16,residual,measured,17,BAAB,candidate,11,449.531,56502,1
dark_8to16,residual,measured,18,ABBA,baseline,12,432.031,61371,1
dark_8to16,residual,measured,18,ABBA,candidate,13,452.031,56502,1
dark_8to16,residual,measured,18,ABBA,candidate,13,449.375,56502,1
dark_8to16,residual,measured,18,ABBA,baseline,12,450.885,61371,1
dark_8to16,residual,measured,19,ABBA,baseline,14,451.822,61371,1
dark_8to16,residual,measured,19,ABBA,candidate,15,483.333,56502,1
dark_8to16,residual,measured,19,ABBA,candidate,15,451.875,56502,1
dark_8to16,residual,measured,19,ABBA,baseline,14,432.24,61371,1
dark_8to16,residual,measured,20,BAAB,candidate,17,484.323,56502,1
dark_8to16,residual,measured,20,BAAB,baseline,16,456.823,61371,1
dark_8to16,residual,measured,20,BAAB,baseline,16,455.886,61371,1
dark_8to16,residual,measured,20,BAAB,candidate,17,487.5,56502,1
dark_8to16,residual,measured,21,BAAB,candidate,19,486.875,56502,1
dark_8to16,residual,measured,21,BAAB,baseline,18,435.729,61371,1
dark_8to16,residual,measured,21,BAAB,baseline,18,450.104,61371,1
dark_8to16,residual,measured,21,BAAB,candidate,19,448.802,56502,1
dark_8to16,residual,measured,22,BAAB,candidate,21,456.041,56502,1
dark_8to16,residual,measured,22,BAAB,baseline,20,431.927,61371,1
dark_8to16,residual,measured,22,BAAB,baseline,20,430.364,61371,1
dark_8to16,residual,measured,22,BAAB,candidate,21,466.355,56502,1
dark_8to16,residual,measured,23,BAAB,candidate,23,449.375,56502,1
dark_8to16,residual,measured,23,BAAB,baseline,22,439.011,61371,1
dark_8to16,residual,measured,23,BAAB,baseline,22,430.104,61371,1
dark_8to16,residual,measured,23,BAAB,candidate,23,486.562,56502,1
